pr_id,human_modified_files,human_added_files,human_removed_files,agent_modified_files,agent_added_files,agent_removed_files
2757674020,1.0,0.0,1.0,9.0,4.0,5.0
2758215458,7.0,0.0,0.0,5.0,0.0,1.0
2758742372,15.0,2.0,3.0,7.0,6.0,0.0
2760243902,1.0,0.0,0.0,14.0,0.0,0.0
2761085743,6.0,0.0,1.0,8.0,12.0,0.0
2761376844,2.0,1.0,0.0,2.0,0.0,0.0
2763620087,1.0,0.0,0.0,2.0,0.0,0.0
2766442004,2.0,1.0,0.0,5.0,1.0,0.0
2767891481,0.0,100.0,0.0,0.0,20.0,0.0
2768057346,7.0,1.0,0.0,7.0,8.0,0.0
2768057378,1.0,0.0,0.0,2.0,2.0,0.0
2768132850,6.0,4.0,0.0,8.0,8.0,2.0
2768656574,6.0,4.0,3.0,10.0,19.0,10.0
2768662452,1.0,0.0,0.0,4.0,8.0,1.0
2768706725,5.0,2.0,0.0,4.0,7.0,0.0
2768814420,3.0,1.0,1.0,2.0,7.0,0.0
2768952674,1.0,0.0,0.0,3.0,0.0,0.0
2768962384,3.0,1.0,0.0,3.0,8.0,0.0
2769204205,11.0,11.0,101.0,7.0,1.0,0.0
2769559533,4.0,0.0,0.0,1.0,1.0,0.0
2770724281,2.0,0.0,0.0,2.0,0.0,0.0
2771417743,2.0,0.0,0.0,2.0,1.0,0.0
2772413148,15.0,1.0,2.0,7.0,0.0,0.0
2773814208,1.0,0.0,0.0,1.0,0.0,0.0
2773911009,1.0,0.0,0.0,2.0,1.0,0.0
2775192816,13.0,6.0,0.0,10.0,5.0,1.0
2777165691,8.0,0.0,0.0,1.0,5.0,0.0
2777347182,1.0,0.0,0.0,1.0,0.0,0.0
2777961937,5.0,0.0,0.0,6.0,1.0,0.0
2782528229,5.0,0.0,0.0,4.0,0.0,0.0
2782566930,7.0,0.0,0.0,5.0,0.0,0.0
2783421768,18.0,12.0,1.0,2.0,5.0,0.0
2783423999,2.0,0.0,0.0,4.0,0.0,0.0
2783583943,1.0,0.0,0.0,2.0,0.0,0.0
2784386339,1.0,0.0,0.0,0.0,6.0,0.0
2784399427,0.0,0.0,1.0,0.0,5.0,0.0
2784409350,2.0,0.0,0.0,2.0,6.0,1.0
2784417626,1.0,0.0,0.0,0.0,5.0,0.0
2784574087,1.0,0.0,0.0,3.0,5.0,0.0
2784931990,10.0,1.0,0.0,16.0,0.0,0.0
2788022491,1.0,0.0,1.0,2.0,8.0,0.0
2788029019,0.0,0.0,1.0,0.0,6.0,0.0
2788912798,3.0,0.0,0.0,3.0,1.0,0.0
2790033388,3.0,0.0,0.0,1.0,0.0,0.0
2790142805,1.0,0.0,0.0,5.0,11.0,8.0
2790317638,1.0,0.0,0.0,1.0,1.0,0.0
2791025700,5.0,0.0,0.0,5.0,1.0,1.0
2791971139,8.0,0.0,0.0,2.0,0.0,0.0
2792386162,5.0,11.0,0.0,0.0,5.0,0.0
2794323375,0.0,0.0,4.0,7.0,8.0,0.0
2794549110,1.0,5.0,0.0,1.0,0.0,0.0
2795084819,8.0,0.0,0.0,5.0,6.0,0.0
2795172513,3.0,0.0,0.0,3.0,7.0,0.0
2796002590,9.0,0.0,1.0,5.0,1.0,0.0
2796796712,2.0,0.0,0.0,2.0,1.0,0.0
2797157546,1.0,0.0,0.0,2.0,0.0,0.0
2798295763,1.0,0.0,0.0,6.0,0.0,0.0
2798748566,2.0,0.0,1.0,6.0,14.0,0.0
2799374100,1.0,0.0,0.0,1.0,0.0,0.0
2801019781,1.0,0.0,0.0,1.0,0.0,0.0
2812962777,2.0,0.0,9.0,2.0,0.0,0.0
2814132697,8.0,1.0,0.0,4.0,1.0,0.0
2816265555,17.0,0.0,0.0,12.0,0.0,0.0
2816497487,1.0,0.0,0.0,1.0,0.0,0.0
2816690510,2.0,0.0,0.0,3.0,0.0,0.0
2816855074,1.0,0.0,0.0,1.0,0.0,0.0
2816979353,5.0,0.0,0.0,1.0,0.0,0.0
2817069743,2.0,0.0,0.0,2.0,0.0,0.0
2818558986,1.0,0.0,0.0,1.0,1.0,0.0
2819900203,6.0,4.0,3.0,5.0,4.0,2.0
2821578095,9.0,0.0,0.0,4.0,3.0,0.0
2821659019,11.0,0.0,0.0,5.0,0.0,0.0
2821716083,10.0,0.0,0.0,46.0,0.0,0.0
2822921623,6.0,0.0,0.0,2.0,1.0,0.0
2824427819,5.0,2.0,1.0,5.0,3.0,0.0
2826117544,12.0,0.0,0.0,11.0,3.0,0.0
2828443532,2.0,0.0,0.0,2.0,0.0,0.0
2833599213,5.0,1.0,1.0,1.0,3.0,0.0
2833672153,7.0,1.0,1.0,47.0,2.0,0.0
2834352797,8.0,0.0,0.0,12.0,1.0,0.0
2834670369,2.0,0.0,0.0,14.0,0.0,0.0
2836598978,7.0,0.0,0.0,2.0,0.0,0.0
2836653590,6.0,0.0,0.0,9.0,0.0,0.0
2836672024,2.0,0.0,0.0,4.0,0.0,0.0
2836723533,1.0,0.0,0.0,1.0,0.0,0.0
2838943759,3.0,0.0,0.0,13.0,1.0,5.0
2839339063,10.0,2.0,0.0,5.0,3.0,0.0
2839674957,2.0,0.0,0.0,1.0,0.0,0.0
2840161375,4.0,0.0,0.0,2.0,0.0,0.0
2840501983,8.0,0.0,0.0,5.0,0.0,0.0
2841035709,3.0,0.0,0.0,3.0,0.0,0.0
2841314055,1.0,0.0,0.0,0.0,1.0,0.0
2843318713,2.0,0.0,0.0,11.0,0.0,0.0
2848656258,1.0,0.0,0.0,2.0,0.0,0.0
2854857552,4.0,0.0,0.0,2.0,0.0,0.0
2855360043,5.0,4.0,4.0,1.0,1.0,0.0
2855375047,20.0,0.0,0.0,8.0,0.0,0.0
2857168507,2.0,0.0,0.0,2.0,0.0,0.0
2857171695,2.0,0.0,1.0,5.0,1.0,0.0
2857777582,1.0,0.0,0.0,3.0,0.0,0.0
2857942945,1.0,0.0,0.0,2.0,0.0,0.0
2861250143,2.0,1.0,0.0,2.0,0.0,0.0
2861606292,4.0,0.0,0.0,6.0,0.0,0.0
2861659768,2.0,0.0,1.0,5.0,1.0,0.0
2861751791,7.0,0.0,0.0,7.0,0.0,0.0
2861932217,1.0,0.0,0.0,1.0,0.0,0.0
2862032354,3.0,1.0,0.0,3.0,0.0,0.0
2863193910,4.0,0.0,0.0,2.0,0.0,0.0
2864468865,4.0,0.0,0.0,4.0,1.0,1.0
2864543554,2.0,0.0,0.0,3.0,0.0,0.0
2866973510,4.0,0.0,0.0,8.0,1.0,0.0
2867059564,3.0,0.0,0.0,3.0,0.0,0.0
2867702969,1.0,0.0,0.0,2.0,0.0,0.0
2868448806,2.0,0.0,0.0,2.0,0.0,0.0
2869820528,10.0,1.0,1.0,3.0,1.0,0.0
2870344282,68.0,204.0,88.0,4.0,6.0,0.0
2870515513,4.0,0.0,0.0,2.0,0.0,0.0
2870584468,3.0,0.0,0.0,3.0,0.0,0.0
2870636223,1.0,0.0,0.0,2.0,0.0,0.0
2870860967,1.0,0.0,0.0,2.0,1.0,0.0
2875791440,0.0,0.0,2.0,2.0,2.0,0.0
2879029392,2.0,0.0,0.0,8.0,14.0,0.0
2879968675,2.0,0.0,0.0,2.0,1.0,0.0
2881647051,1.0,0.0,0.0,3.0,0.0,0.0
2882366050,2.0,0.0,0.0,1.0,0.0,0.0
2883177962,3.0,0.0,1.0,2.0,1.0,0.0
2883187330,6.0,0.0,0.0,21.0,0.0,0.0
2884694604,8.0,9.0,4.0,3.0,1.0,0.0
2885384121,7.0,0.0,0.0,5.0,0.0,0.0
2886594739,3.0,0.0,0.0,5.0,0.0,0.0
2886653082,1.0,0.0,0.0,3.0,0.0,0.0
2886665013,1.0,0.0,0.0,3.0,0.0,0.0
2887008712,8.0,0.0,0.0,60.0,6.0,0.0
2888657963,3.0,0.0,0.0,3.0,0.0,0.0
2888982802,3.0,0.0,0.0,4.0,0.0,0.0
2889141848,4.0,0.0,0.0,4.0,0.0,0.0
2889292561,1.0,0.0,0.0,2.0,1.0,0.0
2890051390,1.0,0.0,0.0,1.0,0.0,0.0
2890902785,4.0,0.0,0.0,4.0,1.0,0.0
2891886147,2.0,0.0,0.0,3.0,0.0,0.0
2892007195,3.0,0.0,0.0,1.0,0.0,0.0
2892485327,6.0,1.0,0.0,14.0,1.0,8.0
2892490441,8.0,0.0,0.0,3.0,1.0,0.0
2892501559,1.0,0.0,0.0,2.0,0.0,0.0
2892552345,6.0,1.0,0.0,8.0,15.0,1.0
2892580326,2.0,0.0,0.0,9.0,0.0,0.0
2894930869,13.0,4.0,0.0,8.0,2.0,0.0
2894991782,1.0,0.0,0.0,5.0,0.0,0.0
2895262047,5.0,0.0,0.0,3.0,5.0,0.0
2895280174,3.0,0.0,0.0,2.0,1.0,0.0
2895280316,3.0,0.0,1.0,2.0,1.0,0.0
2895316084,3.0,0.0,0.0,4.0,2.0,1.0
2895342484,5.0,0.0,0.0,7.0,1.0,0.0
2895754600,10.0,2.0,1.0,9.0,2.0,0.0
2895778082,5.0,0.0,0.0,6.0,1.0,0.0
2896051708,6.0,0.0,6.0,48.0,4.0,0.0
2896059278,14.0,4.0,2.0,7.0,2.0,0.0
2896909918,9.0,0.0,0.0,19.0,0.0,0.0
2897765164,10.0,2.0,0.0,5.0,2.0,0.0
2897770314,1.0,0.0,0.0,1.0,0.0,0.0
2898221484,4.0,2.0,0.0,6.0,0.0,0.0
2898408890,1.0,0.0,0.0,2.0,0.0,0.0
2898927585,1.0,0.0,0.0,2.0,0.0,0.0
2898933775,1.0,0.0,0.0,1.0,0.0,0.0
2898943616,1.0,0.0,0.0,1.0,0.0,0.0
2900197484,12.0,3.0,5.0,9.0,1.0,6.0
2900522154,2.0,0.0,0.0,3.0,1.0,0.0
2901331792,2.0,0.0,0.0,1.0,0.0,0.0
2901541408,4.0,0.0,1.0,1.0,1.0,0.0
2901612191,1.0,0.0,0.0,1.0,1.0,0.0
2901619958,1.0,0.0,0.0,1.0,1.0,0.0
2901620466,7.0,0.0,0.0,2.0,8.0,0.0
2901653641,1.0,0.0,0.0,1.0,1.0,0.0
2901864730,5.0,1.0,1.0,2.0,1.0,0.0
2901878537,4.0,1.0,0.0,4.0,0.0,0.0
2902941522,1.0,0.0,0.0,1.0,0.0,0.0
2903936265,4.0,0.0,0.0,2.0,0.0,0.0
2904589458,1.0,0.0,0.0,1.0,0.0,0.0
2904873173,1.0,0.0,0.0,1.0,1.0,0.0
2905665785,4.0,4.0,3.0,1.0,1.0,0.0
2905670458,6.0,1.0,0.0,5.0,0.0,0.0
2908717563,4.0,0.0,0.0,4.0,5.0,0.0
2908771855,5.0,0.0,0.0,3.0,0.0,0.0
2909061542,35.0,1.0,0.0,7.0,4.0,0.0
2909250747,5.0,1.0,0.0,4.0,0.0,0.0
2910104788,1.0,0.0,0.0,1.0,0.0,0.0
2911062935,1.0,0.0,0.0,2.0,0.0,0.0
2914109730,1.0,0.0,0.0,2.0,0.0,0.0
2914383409,24.0,0.0,3.0,28.0,1.0,24.0
2914441675,6.0,1.0,1.0,7.0,3.0,0.0
2914582204,6.0,3.0,0.0,5.0,0.0,0.0
2915185703,12.0,1.0,7.0,10.0,7.0,0.0
2915529501,5.0,1.0,1.0,0.0,1.0,0.0
2915784381,1.0,0.0,0.0,0.0,1.0,1.0
2916133951,11.0,0.0,7.0,23.0,22.0,0.0
2916249428,6.0,0.0,2.0,5.0,2.0,0.0
2918768296,2.0,0.0,0.0,71.0,0.0,0.0
2918883142,4.0,0.0,0.0,4.0,0.0,0.0
2921025032,4.0,0.0,0.0,3.0,1.0,0.0
2922222268,2.0,0.0,0.0,2.0,0.0,0.0
2922692804,1.0,0.0,0.0,2.0,2.0,0.0
2923092745,34.0,14.0,1.0,10.0,2.0,0.0
2925922567,1.0,0.0,0.0,1.0,0.0,0.0
2926081100,2.0,0.0,0.0,2.0,0.0,0.0
2926624831,1.0,0.0,0.0,1.0,0.0,0.0
2929776273,1.0,0.0,0.0,2.0,0.0,0.0
2933172410,1.0,1.0,0.0,5.0,0.0,2.0
2933365044,1.0,0.0,0.0,8.0,0.0,0.0
2935908267,1.0,0.0,0.0,6.0,0.0,0.0
2936564545,9.0,3.0,8.0,4.0,2.0,0.0
2937600069,1.0,0.0,0.0,4.0,4.0,1.0
2939446083,4.0,0.0,0.0,4.0,0.0,1.0
2939616751,1.0,0.0,0.0,1.0,0.0,0.0
2940130568,6.0,0.0,1.0,1.0,1.0,0.0
2941522531,5.0,0.0,2.0,1.0,4.0,0.0
2944465921,20.0,1.0,0.0,4.0,1.0,0.0
2947870333,5.0,1.0,0.0,2.0,10.0,0.0
2949364196,1.0,1.0,0.0,1.0,1.0,0.0
2950203162,4.0,1.0,0.0,2.0,0.0,0.0
2950890865,3.0,0.0,0.0,2.0,1.0,0.0
2950922629,1.0,0.0,0.0,1.0,0.0,0.0
2951004653,1.0,0.0,0.0,3.0,0.0,0.0
2953630096,1.0,0.0,0.0,4.0,0.0,2.0
2954082475,4.0,0.0,0.0,8.0,1.0,0.0
2957668675,1.0,0.0,0.0,1.0,1.0,0.0
2957711260,1.0,0.0,0.0,10.0,0.0,0.0
2957949038,19.0,0.0,2.0,3.0,0.0,0.0
2958457158,1.0,0.0,0.0,4.0,2.0,0.0
2958489417,1.0,1.0,1.0,2.0,2.0,0.0
2958493011,2.0,0.0,0.0,1.0,0.0,0.0
2958497047,0.0,0.0,0.0,3.0,2.0,0.0
2958512815,2.0,0.0,0.0,3.0,2.0,0.0
2958517268,2.0,0.0,0.0,3.0,2.0,0.0
2958934747,1.0,0.0,0.0,1.0,2.0,0.0
2958966680,1.0,0.0,0.0,4.0,1.0,0.0
2959059531,1.0,0.0,0.0,1.0,0.0,0.0
2959767873,0.0,3.0,0.0,6.0,0.0,0.0
2961539509,1.0,0.0,0.0,1.0,0.0,0.0
2961862560,2.0,1.0,0.0,6.0,0.0,2.0
2962231435,1.0,0.0,0.0,1.0,0.0,0.0
2964017894,1.0,0.0,0.0,4.0,1.0,1.0
2965067470,1.0,0.0,0.0,1.0,0.0,0.0
2965816024,4.0,0.0,0.0,5.0,2.0,1.0
2965833400,16.0,2.0,1.0,17.0,5.0,0.0
2966838581,2.0,0.0,0.0,3.0,0.0,0.0
2967427975,2.0,0.0,0.0,0.0,1.0,0.0
2967656968,2.0,0.0,0.0,4.0,7.0,0.0
2970414990,23.0,0.0,2.0,10.0,2.0,0.0
2970771094,7.0,0.0,0.0,7.0,0.0,0.0
2970816838,2.0,0.0,0.0,4.0,0.0,1.0
2970817573,2.0,0.0,0.0,3.0,0.0,0.0
2970823147,8.0,0.0,3.0,83.0,3.0,2.0
2970823319,1.0,0.0,0.0,2.0,0.0,0.0
2970824623,3.0,0.0,0.0,5.0,0.0,0.0
2970834010,4.0,0.0,0.0,9.0,0.0,0.0
2970843603,17.0,0.0,0.0,7.0,0.0,0.0
2971105707,3.0,0.0,0.0,4.0,0.0,0.0
2971108176,1.0,0.0,1.0,7.0,1.0,1.0
2971108706,12.0,0.0,1.0,21.0,1.0,3.0
2971117107,3.0,0.0,0.0,9.0,0.0,0.0
2971118506,2.0,0.0,0.0,10.0,0.0,0.0
2971120661,4.0,0.0,0.0,38.0,0.0,0.0
2972183405,1.0,0.0,0.0,4.0,1.0,0.0
2972319075,31.0,0.0,0.0,17.0,1.0,0.0
2972343163,3.0,2.0,0.0,2.0,3.0,0.0
2973011621,5.0,0.0,0.0,9.0,1.0,1.0
2973573072,2.0,0.0,0.0,1.0,0.0,0.0
2974666353,10.0,0.0,0.0,9.0,4.0,0.0
2974922148,2.0,0.0,0.0,23.0,0.0,0.0
2975829994,3.0,0.0,0.0,3.0,0.0,0.0
2975836797,3.0,0.0,0.0,5.0,0.0,0.0
2975842137,5.0,0.0,0.0,6.0,0.0,0.0
2976012580,1.0,0.0,0.0,3.0,1.0,0.0
2976106239,25.0,8.0,5.0,0.0,15.0,0.0
2976318527,1.0,0.0,0.0,3.0,0.0,0.0
2977356901,1.0,0.0,0.0,7.0,1.0,0.0
2977963095,17.0,0.0,0.0,27.0,1.0,0.0
2977988551,16.0,0.0,0.0,40.0,0.0,0.0
2978369777,1.0,0.0,0.0,4.0,0.0,0.0
2978702847,4.0,0.0,1.0,9.0,0.0,0.0
2978880129,6.0,0.0,0.0,17.0,0.0,0.0
2979146839,1.0,0.0,0.0,1.0,0.0,0.0
2979168546,2.0,0.0,0.0,3.0,0.0,0.0
2979615970,28.0,0.0,0.0,17.0,2.0,0.0
2979954710,1.0,0.0,0.0,4.0,1.0,0.0
2980666816,1.0,0.0,0.0,1.0,0.0,0.0
2981016143,1.0,0.0,0.0,2.0,0.0,0.0
2981532949,12.0,0.0,0.0,7.0,17.0,4.0
2981675508,3.0,0.0,0.0,2.0,0.0,0.0
2981923119,3.0,0.0,0.0,2.0,0.0,0.0
2982400275,1.0,0.0,0.0,3.0,0.0,0.0
2982438384,2.0,0.0,0.0,5.0,1.0,0.0
2982621538,7.0,0.0,0.0,8.0,1.0,0.0
2983172226,1.0,0.0,0.0,1.0,0.0,0.0
2984591304,1.0,0.0,0.0,4.0,1.0,1.0
2984873610,1.0,0.0,2.0,24.0,25.0,0.0
2985471045,13.0,1.0,0.0,7.0,1.0,0.0
2988023874,11.0,1.0,0.0,3.0,1.0,0.0
2988314481,3.0,1.0,0.0,2.0,2.0,1.0
2988982716,1.0,0.0,0.0,1.0,0.0,0.0
2989023598,8.0,0.0,0.0,1.0,0.0,0.0
2989797052,15.0,1.0,3.0,13.0,3.0,1.0
2990093713,4.0,0.0,0.0,8.0,1.0,0.0
2990261228,5.0,0.0,0.0,4.0,0.0,0.0
2990501630,3.0,0.0,0.0,4.0,0.0,0.0
2990679795,2.0,0.0,0.0,7.0,3.0,1.0
2991406336,1.0,0.0,0.0,3.0,0.0,0.0
2991480772,15.0,0.0,3.0,18.0,1.0,7.0
2993960739,1.0,0.0,0.0,2.0,0.0,0.0
2994031267,1.0,0.0,0.0,1.0,0.0,0.0
2994345609,31.0,1.0,1.0,28.0,1.0,0.0
2994679953,4.0,0.0,0.0,4.0,15.0,1.0
2994753750,1.0,0.0,0.0,1.0,0.0,0.0
2996701782,1.0,0.0,0.0,1.0,0.0,0.0
2997597213,1.0,0.0,0.0,1.0,0.0,0.0
2997640296,3.0,0.0,0.0,1.0,0.0,0.0
2997643146,10.0,1.0,1.0,4.0,0.0,0.0
2997700561,2.0,0.0,0.0,2.0,0.0,0.0
2999213690,4.0,0.0,0.0,4.0,0.0,0.0
2999274935,2.0,0.0,0.0,6.0,0.0,0.0
2999563616,145.0,51.0,43.0,6.0,2.0,0.0
3001512474,2.0,0.0,0.0,3.0,1.0,0.0
3001680008,13.0,3.0,0.0,11.0,15.0,0.0
3003168258,49.0,3.0,2.0,38.0,1.0,0.0
3003577590,5.0,1.0,3.0,9.0,5.0,0.0
3004072776,2.0,1.0,0.0,1.0,0.0,0.0
3004992429,40.0,0.0,0.0,26.0,0.0,1.0
3005079959,1.0,0.0,0.0,1.0,0.0,0.0
3005889757,4.0,0.0,0.0,1.0,0.0,0.0
3006259704,11.0,1.0,0.0,1.0,0.0,0.0
3006268507,3.0,0.0,0.0,1.0,0.0,0.0
3006630991,1.0,0.0,9.0,11.0,0.0,25.0
3007049461,1.0,0.0,0.0,2.0,1.0,0.0
3007061973,23.0,0.0,0.0,8.0,0.0,0.0
3007211626,5.0,0.0,0.0,1.0,0.0,0.0
3007216622,8.0,0.0,0.0,1.0,0.0,0.0
3009041550,1.0,0.0,1.0,0.0,2.0,0.0
3009733355,13.0,1.0,0.0,1.0,2.0,0.0
3010545410,3.0,0.0,0.0,3.0,0.0,0.0
3011870485,1.0,0.0,0.0,1.0,0.0,0.0
3012304281,3.0,0.0,0.0,41.0,0.0,0.0
3013750996,8.0,0.0,0.0,10.0,1.0,0.0
3013775126,11.0,3.0,3.0,7.0,4.0,0.0
3013906937,71.0,54.0,20.0,6.0,1.0,0.0
3014568993,1.0,0.0,0.0,2.0,0.0,0.0
3015369730,5.0,0.0,0.0,7.0,9.0,20.0
3015520806,1.0,0.0,1.0,1.0,1.0,0.0
3016803016,3.0,0.0,0.0,1.0,4.0,0.0
3016973539,6.0,0.0,0.0,3.0,2.0,0.0
3016974217,4.0,0.0,0.0,1.0,2.0,0.0
3016975870,3.0,0.0,0.0,3.0,2.0,0.0
3016978865,4.0,0.0,0.0,1.0,2.0,0.0
3017170831,3.0,0.0,0.0,2.0,2.0,0.0
3017188682,3.0,0.0,0.0,1.0,2.0,0.0
3017190357,1.0,0.0,0.0,2.0,2.0,0.0
3018281148,1.0,0.0,0.0,1.0,0.0,0.0
3018285768,4.0,0.0,0.0,1.0,0.0,0.0
3018286070,4.0,0.0,0.0,1.0,0.0,0.0
3018823702,33.0,4.0,10.0,13.0,1.0,16.0
3018920231,3.0,0.0,0.0,2.0,0.0,0.0
3018945300,21.0,1.0,1.0,8.0,1.0,0.0
3019930533,3.0,0.0,0.0,1.0,2.0,0.0
3019933276,2.0,0.0,0.0,2.0,2.0,0.0
3019935504,2.0,0.0,0.0,3.0,2.0,0.0
3019942035,1.0,0.0,0.0,1.0,1.0,0.0
3019944984,3.0,0.0,0.0,2.0,1.0,0.0
3019945406,3.0,0.0,0.0,3.0,1.0,0.0
3019947988,2.0,0.0,0.0,0.0,1.0,0.0
3019973626,4.0,0.0,0.0,1.0,2.0,0.0
3019997422,11.0,0.0,0.0,2.0,0.0,0.0
3019999747,3.0,0.0,0.0,1.0,2.0,0.0
3020000039,3.0,0.0,0.0,1.0,2.0,0.0
3021061661,19.0,0.0,1.0,21.0,0.0,1.0
3021303840,10.0,0.0,0.0,1.0,0.0,0.0
3021303865,26.0,1.0,1.0,15.0,0.0,7.0
3021321434,15.0,0.0,0.0,6.0,0.0,0.0
3021332625,2.0,0.0,0.0,44.0,1.0,1.0
3021791613,31.0,1.0,21.0,11.0,0.0,3.0
3022021675,1.0,0.0,0.0,7.0,0.0,0.0
3022371582,6.0,0.0,0.0,1.0,0.0,0.0
3022535793,3.0,0.0,7.0,10.0,0.0,0.0
3022540649,2.0,0.0,0.0,11.0,2.0,4.0
3022543124,1.0,0.0,0.0,1.0,0.0,0.0
3022593895,24.0,0.0,1.0,12.0,1.0,5.0
3023193903,2.0,0.0,0.0,9.0,0.0,0.0
3023248867,13.0,0.0,0.0,7.0,0.0,0.0
3023723466,2.0,0.0,0.0,2.0,0.0,0.0
3024124229,9.0,0.0,0.0,2.0,1.0,0.0
3025434270,44.0,1.0,2.0,31.0,0.0,0.0
3028848405,1.0,0.0,0.0,1.0,0.0,0.0
3029374639,12.0,1.0,0.0,8.0,1.0,0.0
3029881950,1.0,0.0,0.0,2.0,2.0,0.0
3030166725,5.0,0.0,0.0,7.0,0.0,0.0
3031718849,1.0,0.0,0.0,2.0,0.0,0.0
3031898942,1.0,0.0,0.0,15.0,0.0,0.0
3032149893,48.0,0.0,0.0,51.0,1.0,1.0
3032813632,6.0,0.0,1.0,6.0,1.0,0.0
3034362032,4.0,0.0,0.0,8.0,0.0,0.0
3034601138,3.0,0.0,0.0,3.0,0.0,0.0
3034754393,5.0,2.0,0.0,6.0,2.0,2.0
3034985868,15.0,0.0,0.0,33.0,22.0,12.0
3036314560,2.0,0.0,0.0,4.0,0.0,0.0
3036416301,1.0,0.0,0.0,1.0,0.0,0.0
3036590770,4.0,1.0,0.0,4.0,0.0,0.0
3037528207,1.0,0.0,0.0,1.0,0.0,0.0
3037591048,3.0,0.0,0.0,1.0,0.0,0.0
3038225278,1.0,0.0,0.0,1.0,2.0,0.0
3038284707,5.0,0.0,0.0,9.0,0.0,0.0
3038422233,15.0,0.0,0.0,6.0,0.0,0.0
3038639346,2.0,0.0,0.0,6.0,3.0,0.0
3039626070,21.0,0.0,0.0,6.0,5.0,4.0
3039645274,2.0,0.0,0.0,7.0,2.0,0.0
3040934363,1.0,0.0,0.0,7.0,3.0,0.0
3044855706,5.0,0.0,1.0,1.0,2.0,0.0
3046253270,8.0,1.0,0.0,10.0,0.0,0.0
3046275323,2.0,0.0,0.0,3.0,1.0,0.0
3046401477,9.0,1.0,1.0,2.0,2.0,0.0
3046447638,2.0,0.0,0.0,1.0,0.0,0.0
3046541869,2.0,0.0,1.0,1.0,1.0,0.0
3046558981,7.0,0.0,1.0,0.0,1.0,0.0
3046897575,2.0,0.0,0.0,4.0,0.0,0.0
3046981078,1.0,0.0,0.0,1.0,0.0,0.0
3047232715,2.0,0.0,0.0,3.0,0.0,0.0
3047627084,2.0,0.0,0.0,1.0,5.0,0.0
3048837078,7.0,0.0,0.0,4.0,0.0,0.0
3048994775,4.0,0.0,0.0,4.0,2.0,0.0
3049325613,1.0,0.0,0.0,1.0,0.0,0.0
3049395641,2.0,0.0,0.0,3.0,0.0,0.0
3049889451,23.0,0.0,0.0,18.0,0.0,0.0
3050253115,6.0,0.0,0.0,2.0,3.0,2.0
3050346044,1.0,0.0,0.0,1.0,0.0,0.0
3050368691,12.0,0.0,0.0,13.0,0.0,0.0
3050423267,18.0,0.0,15.0,13.0,2.0,21.0
3050441892,19.0,0.0,0.0,52.0,1.0,0.0
3050463039,4.0,0.0,0.0,2.0,0.0,0.0
3050668847,4.0,0.0,0.0,5.0,2.0,1.0
3052658316,1.0,0.0,0.0,1.0,0.0,0.0
3053938077,3.0,0.0,0.0,4.0,0.0,2.0
3055785853,2.0,3.0,0.0,1.0,1.0,0.0
3056134870,5.0,1.0,0.0,11.0,2.0,2.0
3057663648,4.0,2.0,1.0,5.0,4.0,2.0
3057698280,1.0,0.0,0.0,2.0,0.0,0.0
3057714463,2.0,0.0,0.0,4.0,0.0,0.0
3057825906,1.0,0.0,0.0,3.0,1.0,0.0
3057846956,1.0,0.0,0.0,1.0,0.0,0.0
3057880405,3.0,0.0,0.0,4.0,0.0,0.0
3058666010,3.0,0.0,0.0,5.0,1.0,0.0
3058782123,3.0,0.0,0.0,7.0,2.0,1.0
3059314389,2.0,0.0,0.0,3.0,0.0,0.0
3059861704,21.0,1.0,1.0,18.0,4.0,0.0
3060860792,4.0,0.0,0.0,1.0,0.0,0.0
3060998787,22.0,0.0,0.0,8.0,0.0,0.0
3061382481,2.0,0.0,0.0,2.0,0.0,0.0
3061751436,3.0,0.0,0.0,2.0,3.0,0.0
3065205042,6.0,2.0,2.0,5.0,1.0,0.0
3065582542,7.0,0.0,0.0,1.0,1.0,0.0
3065695363,4.0,3.0,0.0,0.0,1.0,0.0
3066539323,2.0,0.0,0.0,1.0,0.0,0.0
3067433888,5.0,0.0,0.0,4.0,3.0,0.0
3067443431,5.0,0.0,0.0,9.0,1.0,1.0
3067474905,12.0,4.0,1.0,5.0,2.0,0.0
3067478872,2.0,1.0,0.0,4.0,1.0,0.0
3067501266,8.0,1.0,0.0,8.0,2.0,0.0
3067709444,2.0,0.0,0.0,1.0,1.0,0.0
3069585787,1.0,0.0,0.0,2.0,1.0,0.0
3069810383,1.0,0.0,0.0,1.0,1.0,0.0
3070390119,38.0,0.0,0.0,5.0,0.0,0.0
3070437813,1.0,0.0,0.0,2.0,0.0,0.0
3071234740,11.0,8.0,3.0,6.0,18.0,0.0
3071302729,1.0,0.0,0.0,1.0,0.0,0.0
3071401333,1.0,0.0,1.0,14.0,3.0,0.0
3071548459,1.0,0.0,0.0,1.0,0.0,0.0
3071829832,11.0,0.0,0.0,23.0,3.0,0.0
3071949137,1.0,0.0,0.0,3.0,1.0,0.0
3073606770,2.0,0.0,0.0,2.0,0.0,0.0
3073761198,2.0,0.0,0.0,1.0,0.0,0.0
3073821316,2.0,0.0,0.0,1.0,8.0,0.0
3074038581,2.0,0.0,0.0,3.0,1.0,0.0
3074099522,4.0,1.0,1.0,2.0,1.0,0.0
3074351366,0.0,1.0,2.0,3.0,1.0,0.0
3074647104,1.0,0.0,0.0,2.0,0.0,0.0
3074764483,27.0,0.0,0.0,7.0,1.0,0.0
3075036713,1.0,0.0,0.0,5.0,4.0,2.0
3075060544,1.0,0.0,0.0,1.0,1.0,0.0
3075074837,2.0,0.0,2.0,1.0,4.0,0.0
3075267356,2.0,0.0,0.0,1.0,0.0,0.0
3075291570,14.0,2.0,0.0,12.0,8.0,1.0
3075417840,3.0,0.0,0.0,2.0,0.0,0.0
3075456505,1.0,0.0,0.0,4.0,1.0,0.0
3075530757,7.0,0.0,0.0,0.0,4.0,0.0
3075799511,2.0,0.0,0.0,5.0,1.0,0.0
3076083247,1.0,0.0,0.0,2.0,0.0,0.0
3076114345,1.0,0.0,0.0,2.0,0.0,0.0
3076237105,2.0,0.0,0.0,4.0,1.0,1.0
3076300908,12.0,0.0,0.0,14.0,0.0,0.0
3076670977,1.0,0.0,0.0,8.0,0.0,0.0
3076685839,10.0,1.0,1.0,9.0,2.0,0.0
3076722865,2.0,0.0,0.0,3.0,0.0,0.0
3076780891,183.0,1.0,0.0,2.0,0.0,0.0
3076981888,1.0,0.0,0.0,3.0,0.0,0.0
3077212751,42.0,0.0,3.0,14.0,8.0,0.0
3077288177,6.0,1.0,1.0,1.0,1.0,0.0
3077383006,3.0,0.0,0.0,104.0,2.0,0.0
3077533825,9.0,0.0,0.0,7.0,0.0,0.0
3077668165,2.0,0.0,0.0,5.0,1.0,2.0
3077755202,1.0,0.0,0.0,3.0,0.0,0.0
3077764443,3.0,1.0,0.0,1.0,4.0,0.0
3077768704,1.0,0.0,0.0,3.0,0.0,0.0
3077823693,3.0,0.0,0.0,7.0,0.0,0.0
3077950268,1.0,0.0,0.0,2.0,0.0,0.0
3078444454,9.0,1.0,0.0,1.0,3.0,0.0
3078539871,1.0,0.0,0.0,2.0,0.0,0.0
3078777355,3.0,0.0,1.0,4.0,2.0,0.0
3078782339,1.0,0.0,0.0,2.0,1.0,0.0
3079632972,1.0,0.0,0.0,5.0,0.0,0.0
3080686694,0.0,0.0,1.0,1.0,1.0,0.0
3080769487,1.0,0.0,0.0,1.0,0.0,0.0
3080778269,1.0,0.0,0.0,2.0,0.0,0.0
3080913234,2.0,0.0,0.0,6.0,1.0,0.0
3080933474,19.0,0.0,1.0,12.0,4.0,0.0
3080936507,16.0,3.0,2.0,13.0,4.0,0.0
3080948143,1.0,0.0,0.0,1.0,0.0,0.0
3080948680,4.0,1.0,0.0,9.0,8.0,0.0
3081082136,2.0,1.0,0.0,2.0,0.0,0.0
3081084190,1.0,0.0,0.0,1.0,1.0,0.0
3081226179,1.0,0.0,0.0,22.0,1.0,0.0
3081604370,6.0,0.0,0.0,7.0,3.0,1.0
3081606652,8.0,1.0,0.0,4.0,1.0,0.0
3081770176,7.0,0.0,0.0,4.0,0.0,0.0
3082070083,10.0,0.0,1.0,7.0,4.0,3.0
3082238634,8.0,0.0,0.0,4.0,0.0,0.0
3082320330,2.0,0.0,0.0,2.0,0.0,0.0
3082488751,6.0,5.0,5.0,2.0,21.0,0.0
3082660156,1.0,0.0,0.0,1.0,0.0,0.0
3082820826,3.0,0.0,0.0,4.0,1.0,1.0
3083186670,5.0,0.0,0.0,5.0,2.0,0.0
3083216022,7.0,0.0,0.0,3.0,0.0,0.0
3083467540,6.0,0.0,0.0,2.0,0.0,0.0
3083605655,27.0,2.0,2.0,32.0,0.0,11.0
3083806295,1.0,0.0,0.0,6.0,0.0,0.0
3083824602,2.0,0.0,1.0,1.0,0.0,0.0
3083842574,3.0,0.0,0.0,4.0,7.0,3.0
3083854650,39.0,1.0,26.0,7.0,61.0,27.0
3084270017,40.0,1.0,6.0,14.0,3.0,7.0
3084414634,5.0,0.0,0.0,2.0,0.0,0.0
3084515450,5.0,0.0,1.0,5.0,3.0,0.0
3084550720,2.0,0.0,0.0,2.0,0.0,0.0
3084597647,3.0,0.0,0.0,18.0,0.0,0.0
3084600149,3.0,0.0,0.0,4.0,0.0,0.0
3084633214,8.0,0.0,0.0,7.0,0.0,0.0
3084778291,2.0,0.0,0.0,2.0,0.0,0.0
3084834780,8.0,1.0,0.0,7.0,0.0,5.0
3084853111,3.0,0.0,0.0,3.0,0.0,0.0
3084876668,126.0,1.0,0.0,99.0,0.0,0.0
3085006980,2.0,0.0,0.0,4.0,0.0,0.0
3085398469,4.0,0.0,0.0,4.0,0.0,0.0
3086457034,1.0,0.0,0.0,1.0,0.0,0.0
3086723569,1.0,0.0,0.0,6.0,0.0,2.0
3086841851,3.0,0.0,3.0,2.0,3.0,0.0
3086930190,14.0,5.0,0.0,10.0,39.0,0.0
3087094895,2.0,0.0,1.0,3.0,8.0,7.0
3087146252,3.0,1.0,0.0,5.0,5.0,2.0
3087251875,14.0,0.0,0.0,7.0,0.0,0.0
3087442273,0.0,1.0,0.0,28.0,9.0,2.0
3087761233,1.0,0.0,0.0,2.0,1.0,0.0
3088300682,1.0,0.0,0.0,1.0,0.0,0.0
3088304216,32.0,0.0,0.0,8.0,2.0,0.0
3088344241,4.0,0.0,0.0,6.0,0.0,0.0
3088550669,1.0,0.0,0.0,7.0,0.0,0.0
3088559123,5.0,0.0,0.0,1.0,0.0,0.0
3088564579,5.0,0.0,0.0,25.0,1.0,0.0
3088611576,4.0,0.0,27.0,22.0,100.0,0.0
3089142164,2.0,0.0,6.0,37.0,6.0,0.0
3090520685,5.0,2.0,0.0,10.0,2.0,0.0
3090570894,12.0,0.0,0.0,9.0,2.0,0.0
3090578689,3.0,0.0,0.0,4.0,4.0,3.0
3090593775,70.0,0.0,0.0,3.0,2.0,0.0
3090696772,2.0,0.0,0.0,2.0,2.0,0.0
3090861379,14.0,3.0,2.0,4.0,0.0,0.0
3091075597,2.0,0.0,0.0,4.0,0.0,0.0
3091332769,7.0,7.0,0.0,12.0,3.0,0.0
3091472541,1.0,0.0,0.0,1.0,0.0,0.0
3091617219,7.0,0.0,0.0,7.0,0.0,1.0
3091825094,3.0,0.0,0.0,3.0,0.0,0.0
3092041362,4.0,0.0,0.0,1.0,0.0,0.0
3092045675,1.0,0.0,0.0,2.0,0.0,0.0
3092119644,1.0,0.0,0.0,3.0,0.0,0.0
3093128376,1.0,0.0,0.0,1.0,0.0,0.0
3093146032,2.0,0.0,0.0,4.0,0.0,0.0
3093399248,1.0,0.0,0.0,2.0,0.0,0.0
3093657668,8.0,0.0,0.0,8.0,0.0,0.0
3093743553,1.0,0.0,0.0,2.0,0.0,0.0
3093997872,4.0,0.0,0.0,3.0,0.0,0.0
3093998097,3.0,0.0,0.0,4.0,0.0,0.0
3094039317,1.0,0.0,0.0,1.0,0.0,0.0
3094488685,11.0,0.0,0.0,8.0,34.0,28.0
3094768992,1.0,0.0,0.0,6.0,8.0,0.0
3094970604,1.0,0.0,0.0,1.0,0.0,0.0
3095076017,2.0,0.0,0.0,2.0,0.0,0.0
3095403215,5.0,0.0,0.0,4.0,3.0,1.0
3095409522,3.0,0.0,1.0,1.0,2.0,0.0
3095452673,11.0,0.0,0.0,11.0,1.0,1.0
3096094015,1.0,0.0,0.0,16.0,2.0,1.0
3096613645,1.0,0.0,0.0,3.0,0.0,0.0
3097148026,3.0,0.0,0.0,7.0,0.0,0.0
3097760492,2.0,0.0,0.0,7.0,0.0,0.0
3098036858,1.0,1.0,0.0,2.0,0.0,0.0
3098053222,2.0,2.0,1.0,13.0,1.0,0.0
3098739033,6.0,0.0,0.0,4.0,0.0,0.0
3098938231,3.0,0.0,2.0,5.0,3.0,0.0
3099133512,1.0,0.0,0.0,3.0,0.0,0.0
3099187146,3.0,0.0,0.0,3.0,0.0,0.0
3099658013,9.0,1.0,0.0,8.0,7.0,0.0
3100097668,2.0,0.0,0.0,2.0,1.0,1.0
3100226241,3.0,0.0,0.0,2.0,0.0,0.0
3100264490,5.0,2.0,5.0,8.0,3.0,0.0
3100461288,1.0,0.0,0.0,5.0,0.0,0.0
3100489026,1.0,0.0,0.0,1.0,0.0,0.0
3100694013,1.0,0.0,0.0,5.0,0.0,0.0
3100859823,4.0,1.0,1.0,4.0,1.0,0.0
3100886012,7.0,0.0,0.0,4.0,3.0,0.0
3101113699,1.0,0.0,0.0,1.0,0.0,0.0
3101311810,1.0,0.0,0.0,135.0,0.0,0.0
3101533148,2.0,0.0,0.0,4.0,0.0,0.0
3101568650,1.0,0.0,0.0,1.0,0.0,0.0
3101766096,22.0,47.0,1.0,8.0,24.0,13.0
3102011997,4.0,0.0,0.0,4.0,0.0,0.0
3102019273,2.0,0.0,0.0,3.0,0.0,0.0
3102987892,1.0,0.0,0.0,1.0,0.0,0.0
3103416125,2.0,0.0,1.0,2.0,1.0,0.0
3103424264,6.0,0.0,0.0,8.0,8.0,0.0
3103476328,17.0,1.0,3.0,13.0,3.0,0.0
3103514385,1.0,0.0,1.0,3.0,1.0,0.0
3103634798,4.0,0.0,0.0,83.0,6.0,7.0
3103853435,1.0,0.0,0.0,1.0,0.0,0.0
3103888880,3.0,0.0,0.0,8.0,9.0,0.0
3103968651,4.0,0.0,0.0,4.0,8.0,0.0
3104087061,8.0,2.0,0.0,0.0,11.0,0.0
3104222519,9.0,0.0,0.0,1.0,0.0,0.0
3104442713,19.0,2.0,0.0,10.0,7.0,0.0
3104480641,0.0,4.0,0.0,4.0,0.0,0.0
3104484297,4.0,0.0,0.0,0.0,5.0,0.0
3104486019,5.0,0.0,0.0,0.0,14.0,0.0
3104487409,24.0,0.0,0.0,2.0,8.0,0.0
3104579063,1.0,0.0,0.0,9.0,0.0,0.0
3104789631,5.0,1.0,0.0,7.0,0.0,0.0
3104924529,2.0,0.0,0.0,2.0,1.0,0.0
3104999581,2.0,0.0,0.0,2.0,0.0,0.0
3105093317,2.0,0.0,0.0,3.0,1.0,0.0
3105161001,2.0,7.0,0.0,7.0,2.0,7.0
3105165239,1.0,0.0,0.0,8.0,4.0,0.0
3105321269,4.0,0.0,0.0,3.0,0.0,0.0
3105400292,1.0,0.0,0.0,3.0,1.0,1.0
3105430223,34.0,0.0,1.0,33.0,30.0,0.0
3105498307,2.0,0.0,0.0,4.0,0.0,0.0
3106112458,7.0,0.0,0.0,8.0,1.0,0.0
3106222021,5.0,2.0,0.0,1.0,0.0,0.0
3106326653,2.0,0.0,0.0,2.0,0.0,0.0
3106934710,4.0,12.0,6.0,4.0,1.0,0.0
3107462147,10.0,4.0,1.0,2.0,0.0,0.0
3107864176,1.0,0.0,0.0,5.0,0.0,0.0
3108245528,1.0,0.0,0.0,1.0,0.0,0.0
3108908027,1.0,0.0,0.0,3.0,0.0,1.0
3109359968,4.0,0.0,0.0,2.0,0.0,0.0
3110511918,2.0,0.0,0.0,4.0,2.0,0.0
3111004624,12.0,0.0,0.0,3.0,0.0,0.0
3111046542,1.0,0.0,0.0,3.0,0.0,0.0
3111053489,3.0,0.0,0.0,11.0,0.0,0.0
3111511868,4.0,1.0,0.0,11.0,0.0,0.0
3111738668,1.0,0.0,0.0,1.0,0.0,0.0
3112246853,1.0,0.0,0.0,28.0,0.0,0.0
3112462308,2.0,0.0,0.0,9.0,0.0,0.0
3112899995,11.0,0.0,11.0,16.0,0.0,0.0
3113120635,1.0,0.0,0.0,2.0,0.0,0.0
3113146895,2.0,0.0,0.0,37.0,0.0,0.0
3113149474,2.0,0.0,0.0,2.0,0.0,0.0
3113159496,7.0,0.0,0.0,14.0,2.0,0.0
3113268020,1.0,0.0,0.0,4.0,0.0,0.0
3113332396,5.0,2.0,0.0,2.0,1.0,1.0
3113464020,158.0,0.0,0.0,30.0,0.0,0.0
3113874849,0.0,0.0,1.0,2.0,2.0,2.0
3114723483,4.0,0.0,0.0,16.0,1.0,1.0
3115078767,2.0,0.0,0.0,9.0,6.0,0.0
3115094997,1.0,0.0,0.0,2.0,0.0,0.0
3115733837,5.0,0.0,0.0,6.0,0.0,0.0
3115762277,16.0,2.0,1.0,11.0,5.0,1.0
3115906713,2.0,0.0,0.0,3.0,2.0,1.0
3116225832,3.0,0.0,0.0,2.0,0.0,0.0
3116442461,0.0,0.0,1.0,10.0,1.0,0.0
3116600521,7.0,5.0,1.0,2.0,0.0,0.0
3117158959,4.0,0.0,0.0,3.0,7.0,3.0
3117623976,6.0,0.0,0.0,4.0,0.0,0.0
3117811205,0.0,0.0,1.0,5.0,0.0,0.0
3117952456,18.0,4.0,4.0,14.0,12.0,0.0
3118533289,1.0,0.0,0.0,1.0,0.0,0.0
3118735492,3.0,0.0,0.0,4.0,1.0,1.0
3118884227,37.0,17.0,0.0,9.0,2.0,0.0
3118957301,2.0,0.0,0.0,6.0,0.0,0.0
3118960106,2.0,0.0,0.0,20.0,0.0,0.0
3119031442,6.0,0.0,0.0,3.0,1.0,0.0
3119335069,2.0,0.0,0.0,3.0,1.0,1.0
3119551493,21.0,0.0,0.0,29.0,0.0,0.0
3119640633,3.0,0.0,0.0,2.0,1.0,1.0
3119750112,1.0,0.0,0.0,11.0,2.0,4.0
3119857154,3.0,0.0,0.0,4.0,0.0,0.0
3119881464,0.0,1.0,0.0,1.0,0.0,0.0
3120681882,1.0,0.0,0.0,1.0,0.0,0.0
3120704042,4.0,0.0,0.0,5.0,0.0,0.0
3120854116,1.0,0.0,0.0,3.0,0.0,0.0
3121100911,1.0,0.0,0.0,1.0,0.0,0.0
3121105508,8.0,1.0,0.0,10.0,0.0,2.0
3121514867,3.0,3.0,0.0,3.0,1.0,0.0
3121787874,6.0,0.0,0.0,14.0,1.0,3.0
3122232574,4.0,0.0,0.0,1.0,0.0,0.0
3122564816,1.0,0.0,0.0,1.0,0.0,0.0
3122685221,2.0,0.0,0.0,3.0,0.0,0.0
3122792815,0.0,1.0,0.0,1.0,0.0,0.0
3123012893,4.0,2.0,0.0,4.0,2.0,0.0
3123117893,0.0,1.0,0.0,3.0,0.0,0.0
3123500242,0.0,1.0,0.0,7.0,0.0,0.0
3123526095,15.0,0.0,11.0,18.0,17.0,0.0
3123684653,2.0,0.0,0.0,6.0,0.0,0.0
3124026492,19.0,0.0,8.0,17.0,29.0,5.0
3124293906,1.0,0.0,1.0,5.0,1.0,0.0
3124372773,1.0,0.0,0.0,4.0,0.0,0.0
3124419919,2.0,0.0,0.0,4.0,0.0,0.0
3124466173,5.0,0.0,0.0,13.0,0.0,0.0
3124493699,25.0,5.0,7.0,6.0,12.0,1.0
3124605364,1.0,0.0,0.0,1.0,0.0,0.0
3124658074,1.0,0.0,0.0,1.0,0.0,0.0
3125029980,1.0,0.0,0.0,1.0,0.0,0.0
3125104127,5.0,0.0,0.0,6.0,1.0,0.0
3125308183,1.0,0.0,0.0,1.0,0.0,0.0
3125342174,1.0,0.0,0.0,1.0,0.0,0.0
3125458401,4.0,0.0,0.0,6.0,2.0,0.0
3125655207,2.0,0.0,0.0,2.0,0.0,0.0
3125744468,1.0,0.0,0.0,3.0,0.0,0.0
3125790678,1.0,1.0,0.0,2.0,1.0,0.0
3125838556,6.0,0.0,0.0,6.0,1.0,2.0
3126094423,4.0,2.0,2.0,6.0,3.0,0.0
3126127102,9.0,0.0,0.0,7.0,3.0,5.0
3126188326,1.0,0.0,0.0,9.0,4.0,0.0
3126249131,1.0,0.0,0.0,3.0,0.0,0.0
3126336730,4.0,0.0,0.0,5.0,0.0,0.0
3126374524,1.0,4.0,0.0,4.0,1.0,0.0
3126630055,9.0,2.0,0.0,2.0,0.0,0.0
3126647068,19.0,4.0,1.0,5.0,5.0,0.0
3127027840,11.0,2.0,0.0,6.0,1.0,0.0
3127070156,1.0,0.0,0.0,1.0,1.0,0.0
3127112794,70.0,14.0,0.0,35.0,6.0,1.0
3127174891,5.0,0.0,0.0,4.0,0.0,0.0
3127222871,1.0,0.0,0.0,3.0,0.0,0.0
3127231883,36.0,0.0,0.0,10.0,4.0,1.0
3127446785,2.0,0.0,0.0,1.0,0.0,0.0
3127552216,6.0,0.0,0.0,7.0,0.0,0.0
3127709223,2.0,1.0,0.0,1.0,0.0,0.0
3127930821,5.0,1.0,0.0,2.0,0.0,0.0
3128183116,2.0,0.0,0.0,9.0,10.0,0.0
3128285665,2.0,0.0,1.0,0.0,1.0,0.0
3128713996,2.0,0.0,0.0,5.0,6.0,1.0
3129041184,28.0,1.0,6.0,32.0,15.0,8.0
3129054890,7.0,0.0,0.0,6.0,6.0,4.0
3129171376,5.0,0.0,0.0,8.0,0.0,0.0
3129582804,3.0,0.0,2.0,2.0,3.0,0.0
3130705487,4.0,1.0,0.0,8.0,3.0,1.0
3130792767,1.0,0.0,0.0,11.0,6.0,0.0
3131084965,1.0,0.0,0.0,1.0,0.0,0.0
3131329760,1.0,0.0,0.0,1.0,0.0,0.0
3131606520,1.0,1.0,0.0,1.0,1.0,0.0
3131698049,1.0,0.0,0.0,0.0,2.0,0.0
3131772678,1.0,0.0,0.0,1.0,0.0,0.0
3131807343,6.0,3.0,0.0,15.0,4.0,4.0
3131824435,10.0,0.0,0.0,12.0,2.0,0.0
3131854557,2.0,0.0,0.0,8.0,0.0,0.0
3131982797,4.0,0.0,0.0,10.0,1.0,0.0
3132147174,1.0,0.0,0.0,1.0,0.0,0.0
3132622672,1.0,0.0,0.0,3.0,4.0,0.0
3132647605,45.0,2.0,1.0,5.0,2.0,0.0
3132740864,5.0,0.0,0.0,19.0,16.0,14.0
3132861512,1.0,0.0,0.0,2.0,0.0,0.0
3132888527,2.0,0.0,0.0,4.0,0.0,0.0
3133399556,1.0,0.0,0.0,2.0,0.0,0.0
3133771594,4.0,0.0,0.0,6.0,2.0,0.0
3133810693,4.0,0.0,0.0,2.0,0.0,0.0
3133836979,6.0,0.0,1.0,5.0,2.0,0.0
3133959095,9.0,3.0,0.0,5.0,5.0,1.0
3133978465,1.0,1.0,0.0,2.0,2.0,0.0
3134092582,4.0,1.0,0.0,2.0,0.0,0.0
3134408661,4.0,0.0,0.0,8.0,0.0,0.0
3134532214,2.0,0.0,0.0,2.0,0.0,3.0
3134738309,0.0,1.0,0.0,5.0,0.0,0.0
3134836043,1.0,0.0,0.0,3.0,0.0,0.0
3134862968,1.0,0.0,0.0,1.0,0.0,0.0
3134925346,1.0,2.0,0.0,3.0,1.0,0.0
3134927763,1.0,0.0,0.0,1.0,0.0,0.0
3134961752,2.0,0.0,0.0,3.0,0.0,0.0
3135068930,17.0,1.0,9.0,8.0,11.0,1.0
3135071104,1.0,0.0,0.0,5.0,0.0,0.0
3135078870,5.0,0.0,0.0,4.0,0.0,0.0
3135105448,2.0,0.0,0.0,6.0,0.0,0.0
3135169379,14.0,2.0,2.0,3.0,2.0,0.0
3135221217,2.0,0.0,0.0,5.0,0.0,0.0
3135303315,2.0,0.0,0.0,8.0,1.0,0.0
3135308744,1.0,0.0,0.0,2.0,0.0,0.0
3135363020,6.0,0.0,0.0,4.0,0.0,0.0
3135538721,9.0,0.0,0.0,7.0,0.0,0.0
3135639537,1.0,0.0,1.0,3.0,3.0,1.0
3135957211,5.0,0.0,0.0,6.0,0.0,0.0
3136450775,1.0,0.0,0.0,1.0,0.0,0.0
3136594828,3.0,0.0,0.0,3.0,1.0,0.0
3136698219,1.0,0.0,0.0,2.0,0.0,0.0
3136925045,3.0,1.0,0.0,1.0,0.0,0.0
3137117830,2.0,0.0,0.0,1.0,1.0,0.0
3137374542,4.0,0.0,1.0,2.0,5.0,0.0
3137658330,4.0,1.0,1.0,14.0,8.0,2.0
3137713389,4.0,0.0,0.0,10.0,0.0,0.0
3137763172,3.0,2.0,0.0,8.0,0.0,2.0
3137781396,7.0,0.0,1.0,3.0,1.0,0.0
3137830799,5.0,0.0,2.0,3.0,4.0,0.0
3138011645,1.0,0.0,0.0,2.0,1.0,0.0
3138021777,6.0,0.0,0.0,10.0,1.0,1.0
3138027382,2.0,0.0,0.0,10.0,10.0,2.0
3138102792,4.0,0.0,0.0,67.0,127.0,126.0
3138117853,46.0,0.0,1.0,12.0,13.0,0.0
3138133342,1.0,0.0,0.0,3.0,1.0,0.0
3138180288,3.0,2.0,0.0,1.0,0.0,0.0
3138223553,4.0,0.0,0.0,1.0,0.0,0.0
3138256165,4.0,0.0,0.0,3.0,0.0,0.0
3138362649,2.0,2.0,0.0,3.0,5.0,2.0
3138439127,25.0,2.0,1.0,73.0,67.0,51.0
3138499041,80.0,20.0,9.0,8.0,8.0,0.0
3138534395,4.0,0.0,0.0,3.0,0.0,0.0
3138552824,6.0,1.0,0.0,7.0,0.0,0.0
3138797987,3.0,0.0,1.0,5.0,1.0,0.0
3139065611,2.0,0.0,0.0,3.0,0.0,0.0
3139315341,15.0,3.0,1.0,17.0,15.0,1.0
3139579722,6.0,0.0,0.0,16.0,0.0,0.0
3139980757,20.0,0.0,0.0,14.0,1.0,0.0
3140117936,1.0,0.0,0.0,3.0,2.0,0.0
3140182984,2.0,0.0,0.0,10.0,2.0,0.0
3140239245,15.0,0.0,0.0,8.0,0.0,0.0
3140333312,3.0,0.0,0.0,2.0,1.0,0.0
3140368155,1.0,0.0,0.0,1.0,1.0,0.0
3140666398,12.0,0.0,0.0,13.0,0.0,0.0
3140733815,3.0,0.0,0.0,2.0,1.0,0.0
3140903716,2.0,0.0,0.0,2.0,0.0,0.0
3141161571,3.0,1.0,0.0,3.0,0.0,0.0
3141230489,2.0,1.0,0.0,2.0,1.0,0.0
3141785922,1.0,0.0,0.0,2.0,0.0,0.0
3141802223,4.0,0.0,0.0,4.0,0.0,0.0
3141889094,2.0,0.0,0.0,5.0,1.0,0.0
3142539176,1.0,0.0,0.0,2.0,0.0,0.0
3142876413,17.0,0.0,0.0,3.0,2.0,1.0
3142906741,1.0,0.0,0.0,8.0,1.0,1.0
3142914272,3.0,0.0,0.0,4.0,0.0,0.0
3142965328,19.0,0.0,0.0,3.0,0.0,0.0
3143225191,8.0,0.0,0.0,7.0,0.0,0.0
3143462161,2.0,0.0,0.0,4.0,0.0,0.0
3143805151,6.0,0.0,0.0,6.0,6.0,1.0
3143883658,6.0,0.0,2.0,5.0,3.0,0.0
3143891800,1.0,0.0,0.0,3.0,0.0,0.0
3143968533,1.0,0.0,0.0,1.0,0.0,0.0
3144011143,11.0,0.0,0.0,25.0,0.0,7.0
3144351823,2.0,0.0,0.0,2.0,1.0,0.0
3144364687,1.0,0.0,0.0,3.0,0.0,0.0
3144376744,1.0,0.0,0.0,1.0,0.0,0.0
3144410021,2.0,0.0,0.0,1.0,1.0,1.0
3144419667,3.0,4.0,0.0,1.0,1.0,0.0
3144466175,13.0,0.0,2.0,5.0,2.0,0.0
3144470664,1.0,0.0,1.0,2.0,1.0,0.0
3144610758,9.0,3.0,4.0,10.0,2.0,0.0
3144633626,0.0,0.0,1.0,2.0,1.0,0.0
3144633929,1.0,0.0,0.0,2.0,0.0,0.0
3144708564,2.0,0.0,0.0,2.0,0.0,0.0
3145321317,3.0,0.0,0.0,7.0,1.0,0.0
3145373517,0.0,0.0,1.0,3.0,1.0,0.0
3145684400,11.0,1.0,2.0,1.0,5.0,0.0
3145777953,3.0,0.0,0.0,5.0,0.0,0.0
3146305288,2.0,0.0,0.0,2.0,0.0,0.0
3146310469,2.0,0.0,0.0,3.0,2.0,2.0
3146561196,3.0,0.0,0.0,2.0,3.0,0.0
3146777686,3.0,0.0,0.0,1.0,0.0,0.0
3146900482,1.0,0.0,0.0,1.0,0.0,0.0
3146933358,2.0,0.0,0.0,1.0,0.0,0.0
3147261806,11.0,0.0,0.0,8.0,7.0,0.0
3147372193,2.0,0.0,0.0,10.0,211.0,201.0
3147444643,3.0,0.0,0.0,2.0,1.0,0.0
3147552131,2.0,0.0,0.0,6.0,2.0,0.0
3147678267,1.0,0.0,0.0,3.0,0.0,0.0
3147680886,1.0,0.0,0.0,5.0,0.0,0.0
3147795708,93.0,0.0,0.0,30.0,4.0,0.0
3147883994,11.0,0.0,2.0,0.0,2.0,0.0
3148005105,1.0,0.0,1.0,2.0,2.0,0.0
3148267777,3.0,0.0,0.0,4.0,0.0,0.0
3148367585,8.0,1.0,1.0,2.0,3.0,1.0
3148932692,9.0,0.0,0.0,5.0,2.0,1.0
3149019667,8.0,1.0,0.0,4.0,1.0,0.0
3149104555,4.0,0.0,0.0,11.0,1.0,0.0
3149355129,0.0,2.0,0.0,3.0,3.0,0.0
3149554338,2.0,0.0,0.0,2.0,1.0,0.0
3149658861,72.0,0.0,0.0,107.0,0.0,0.0
3149988059,2.0,0.0,0.0,3.0,1.0,0.0
3150145768,1.0,0.0,0.0,1.0,0.0,0.0
3150188181,30.0,0.0,0.0,11.0,3.0,0.0
3150327302,3.0,0.0,0.0,18.0,2.0,0.0
3150425915,1.0,0.0,0.0,2.0,1.0,0.0
3150510293,3.0,0.0,0.0,2.0,0.0,0.0
3150623138,2.0,0.0,0.0,17.0,0.0,1.0
3150662401,5.0,0.0,4.0,7.0,5.0,0.0
3150709470,137.0,0.0,1.0,26.0,2.0,0.0
3150761777,1.0,0.0,0.0,18.0,0.0,11.0
3150971698,14.0,1.0,1.0,7.0,4.0,0.0
3151210646,0.0,0.0,1.0,2.0,4.0,0.0
3151211971,4.0,0.0,0.0,9.0,4.0,0.0
3151219647,18.0,0.0,0.0,20.0,0.0,0.0
3151249906,3.0,2.0,0.0,4.0,0.0,0.0
3151417796,2.0,0.0,0.0,1.0,0.0,0.0
3151566859,2.0,0.0,0.0,10.0,0.0,0.0
3151614876,9.0,5.0,8.0,2.0,5.0,0.0
3151697572,3.0,0.0,0.0,2.0,2.0,0.0
3151984235,3.0,0.0,0.0,12.0,0.0,2.0
3151985497,7.0,0.0,1.0,7.0,6.0,0.0
3152145544,8.0,1.0,0.0,20.0,0.0,0.0
3152203458,30.0,4.0,6.0,2.0,236.0,0.0
3152229058,2.0,0.0,0.0,2.0,1.0,0.0
3152317896,8.0,3.0,0.0,5.0,4.0,0.0
3152485982,31.0,15.0,0.0,10.0,3.0,1.0
3152602811,4.0,1.0,2.0,3.0,3.0,1.0
3152681524,3.0,0.0,3.0,6.0,7.0,0.0
3152700757,5.0,0.0,0.0,3.0,3.0,0.0
3152775367,3.0,0.0,0.0,11.0,0.0,0.0
3152880462,3.0,0.0,0.0,2.0,0.0,0.0
3153101093,16.0,1.0,0.0,7.0,2.0,0.0
3153252322,1.0,0.0,0.0,3.0,0.0,0.0
3153308695,8.0,2.0,5.0,3.0,7.0,0.0
3153314282,2.0,1.0,1.0,2.0,2.0,0.0
3153692689,11.0,0.0,0.0,19.0,1.0,0.0
3153705827,1.0,0.0,0.0,2.0,0.0,0.0
3153752896,6.0,0.0,0.0,1.0,0.0,0.0
3153963452,3.0,1.0,1.0,2.0,0.0,0.0
3154088521,5.0,0.0,0.0,9.0,1.0,1.0
3154096278,0.0,1.0,0.0,3.0,7.0,0.0
3154337602,1.0,0.0,0.0,1.0,0.0,0.0
3154630091,2.0,0.0,0.0,2.0,0.0,0.0
3154662508,18.0,40.0,0.0,12.0,1.0,0.0
3154699305,2.0,0.0,0.0,3.0,0.0,0.0
3154752026,1.0,0.0,0.0,2.0,0.0,0.0
3154760858,1.0,0.0,0.0,4.0,0.0,0.0
3154921524,2.0,0.0,1.0,1.0,1.0,0.0
3154952530,1.0,0.0,0.0,2.0,0.0,0.0
3154970783,34.0,0.0,3.0,13.0,0.0,0.0
3155033567,5.0,2.0,2.0,10.0,3.0,2.0
3155084033,7.0,0.0,1.0,6.0,7.0,4.0
3155182285,15.0,0.0,0.0,2.0,8.0,0.0
3155516121,4.0,1.0,1.0,1.0,2.0,0.0
3155519663,0.0,0.0,1.0,2.0,1.0,0.0
3155665858,4.0,0.0,0.0,8.0,10.0,10.0
3155686734,1.0,0.0,0.0,3.0,0.0,0.0
3155797488,5.0,0.0,1.0,7.0,2.0,0.0
3156345426,2.0,0.0,0.0,4.0,1.0,0.0
3156457181,8.0,0.0,0.0,12.0,4.0,0.0
3156664492,1.0,0.0,0.0,1.0,0.0,0.0
3156674038,3.0,0.0,1.0,8.0,3.0,0.0
3156695913,11.0,0.0,0.0,25.0,1.0,1.0
3156775134,16.0,15.0,0.0,2.0,0.0,0.0
3157341086,1.0,0.0,0.0,2.0,0.0,0.0
3157386612,2.0,0.0,1.0,4.0,1.0,0.0
3157601632,1.0,0.0,0.0,2.0,1.0,0.0
3157816556,3.0,0.0,0.0,15.0,0.0,0.0
3157844465,3.0,0.0,0.0,6.0,215.0,212.0
3157938220,5.0,0.0,0.0,1.0,0.0,0.0
3157958459,28.0,0.0,0.0,20.0,0.0,0.0
3157968978,2.0,0.0,0.0,17.0,0.0,0.0
3158038793,1.0,0.0,0.0,4.0,0.0,0.0
3158079001,12.0,3.0,3.0,1.0,3.0,0.0
3158136553,1.0,0.0,0.0,7.0,0.0,0.0
3158287475,12.0,0.0,0.0,1.0,13.0,13.0
3158433932,1.0,0.0,0.0,2.0,0.0,0.0
3158599292,5.0,0.0,0.0,8.0,1.0,0.0
3158602889,1.0,0.0,0.0,2.0,1.0,0.0
3158655778,2.0,0.0,0.0,4.0,0.0,0.0
3158683531,10.0,0.0,0.0,6.0,1.0,0.0
3158819982,15.0,0.0,0.0,10.0,0.0,0.0
3158983348,4.0,0.0,0.0,3.0,2.0,2.0
3159002770,1.0,0.0,0.0,1.0,0.0,0.0
3159511012,29.0,35.0,10.0,23.0,9.0,0.0
3159591262,2.0,0.0,0.0,8.0,1.0,1.0
3159745301,1.0,0.0,0.0,2.0,0.0,0.0
3159821039,4.0,2.0,1.0,0.0,4.0,0.0
3160145946,3.0,0.0,0.0,4.0,1.0,0.0
3160615563,2.0,0.0,1.0,3.0,1.0,0.0
3160636839,1.0,0.0,0.0,5.0,0.0,0.0
3160647911,6.0,2.0,1.0,8.0,6.0,0.0
3161114956,2.0,0.0,0.0,5.0,0.0,0.0
3161337304,2.0,0.0,0.0,5.0,0.0,0.0
3161355858,14.0,2.0,0.0,7.0,16.0,0.0
3161379535,1.0,0.0,0.0,2.0,1.0,1.0
3161413967,1.0,0.0,0.0,1.0,0.0,0.0
3161437023,1.0,0.0,0.0,3.0,0.0,0.0
3161638137,24.0,38.0,4.0,6.0,5.0,1.0
3161731684,2.0,0.0,0.0,3.0,0.0,0.0
3161958337,1.0,0.0,0.0,2.0,0.0,0.0
3162019565,0.0,0.0,1.0,2.0,1.0,0.0
3163213567,1.0,0.0,0.0,1.0,0.0,0.0
3163386327,1.0,0.0,0.0,2.0,0.0,0.0
3163779556,1.0,0.0,0.0,2.0,1.0,0.0
3163870590,1.0,0.0,0.0,3.0,0.0,0.0
3163875884,1.0,0.0,0.0,1.0,0.0,0.0
3164194207,1.0,0.0,0.0,2.0,2.0,0.0
3164250713,66.0,35.0,27.0,11.0,2.0,0.0
3164349433,12.0,1.0,12.0,13.0,1.0,0.0
3164364090,2.0,0.0,0.0,2.0,1.0,0.0
3164475250,1.0,0.0,1.0,1.0,1.0,0.0
3164567685,1.0,0.0,0.0,10.0,1.0,0.0
3164572018,3.0,0.0,0.0,2.0,0.0,0.0
3164618584,1.0,0.0,0.0,4.0,0.0,0.0
3164891884,15.0,0.0,0.0,13.0,1.0,0.0
3165060364,3.0,0.0,0.0,5.0,31.0,0.0
3165176791,30.0,51.0,4.0,23.0,2.0,0.0
3165202236,6.0,0.0,0.0,5.0,0.0,0.0
3165207176,1.0,0.0,0.0,1.0,0.0,0.0
3165225343,1.0,0.0,0.0,1.0,0.0,0.0
3165441797,1.0,0.0,0.0,1.0,1.0,1.0
3165750951,3.0,10.0,0.0,5.0,0.0,0.0
3165803170,1.0,0.0,0.0,7.0,0.0,0.0
3165818046,2.0,0.0,0.0,2.0,0.0,0.0
3166030819,2.0,0.0,1.0,3.0,1.0,0.0
3166187066,1.0,0.0,0.0,4.0,1.0,0.0
3166199077,2.0,1.0,0.0,7.0,16.0,0.0
3166296043,1.0,0.0,0.0,3.0,0.0,0.0
3166454125,4.0,0.0,0.0,5.0,0.0,0.0
3166521009,1.0,0.0,0.0,7.0,0.0,0.0
3166694938,16.0,5.0,0.0,1.0,0.0,0.0
3167395087,0.0,0.0,1.0,67.0,1.0,0.0
3167787322,12.0,0.0,0.0,1.0,0.0,0.0
3167963514,4.0,1.0,0.0,7.0,0.0,3.0
3168274624,1.0,0.0,0.0,3.0,0.0,0.0
3168487570,22.0,0.0,0.0,5.0,2.0,0.0
3168705723,10.0,2.0,1.0,1.0,1.0,0.0
3168726032,1.0,0.0,0.0,2.0,1.0,0.0
3168732581,9.0,0.0,1.0,5.0,3.0,0.0
3168889284,2.0,0.0,0.0,2.0,0.0,0.0
3168922203,1.0,0.0,0.0,10.0,0.0,0.0
3169097473,2.0,0.0,0.0,3.0,0.0,0.0
3169431198,4.0,0.0,0.0,6.0,0.0,0.0
3169739023,1.0,0.0,0.0,21.0,0.0,0.0
3169803882,1.0,0.0,0.0,2.0,0.0,0.0
3169935211,3.0,2.0,0.0,5.0,1.0,0.0
3170054434,1.0,0.0,0.0,15.0,2.0,0.0
3170254418,1.0,0.0,1.0,0.0,1.0,0.0
3170864491,3.0,0.0,0.0,4.0,1.0,0.0
3171069351,1.0,0.0,0.0,1.0,0.0,0.0
3171113463,28.0,26.0,0.0,13.0,3.0,0.0
3171213092,5.0,0.0,0.0,5.0,1.0,0.0
3171286213,1.0,0.0,0.0,3.0,2.0,2.0
3171708235,1.0,0.0,0.0,3.0,0.0,0.0
3171715437,15.0,2.0,1.0,2.0,4.0,2.0
3171750360,8.0,0.0,5.0,12.0,6.0,0.0
3171819372,8.0,0.0,0.0,7.0,1.0,0.0
3171852682,5.0,0.0,1.0,7.0,2.0,0.0
3171931827,34.0,1.0,9.0,27.0,0.0,2.0
3172607599,0.0,1.0,0.0,5.0,0.0,0.0
3172647828,4.0,0.0,0.0,3.0,0.0,0.0
3172651928,1.0,0.0,0.0,1.0,0.0,0.0
3172675579,1.0,0.0,0.0,2.0,0.0,0.0
3173099223,2.0,0.0,0.0,4.0,0.0,0.0
3173252523,2.0,0.0,0.0,4.0,0.0,0.0
3173664115,1.0,0.0,0.0,2.0,0.0,0.0
3173685747,0.0,0.0,1.0,3.0,1.0,0.0
3173744299,3.0,0.0,0.0,3.0,1.0,0.0
3173843128,1.0,0.0,0.0,2.0,1.0,1.0
3173971926,9.0,0.0,0.0,22.0,0.0,0.0
3174268903,15.0,1.0,0.0,9.0,3.0,1.0
3174281934,6.0,0.0,0.0,8.0,0.0,0.0
3174512200,6.0,0.0,0.0,13.0,1.0,1.0
3174571388,1.0,0.0,0.0,1.0,0.0,0.0
3174572670,3.0,0.0,0.0,1.0,0.0,0.0
3174654401,69.0,0.0,0.0,32.0,0.0,0.0
3175034433,1.0,0.0,0.0,5.0,5.0,3.0
3175041273,5.0,0.0,0.0,5.0,4.0,0.0
3175055324,2.0,0.0,0.0,3.0,0.0,0.0
3175061420,3.0,2.0,0.0,1.0,4.0,0.0
3175269971,20.0,0.0,0.0,1.0,1.0,0.0
3175535650,5.0,0.0,0.0,5.0,1.0,0.0
3176132312,4.0,0.0,0.0,16.0,1.0,1.0
3176262635,2.0,0.0,0.0,3.0,1.0,0.0
3176325245,1.0,0.0,0.0,0.0,1.0,0.0
3176443941,5.0,0.0,0.0,6.0,1.0,0.0
3176708032,2.0,0.0,0.0,2.0,0.0,0.0
3176926598,2.0,0.0,0.0,4.0,0.0,0.0
3177256068,1.0,0.0,1.0,1.0,2.0,1.0
3177258847,4.0,0.0,0.0,5.0,0.0,0.0
3177500762,4.0,133.0,22.0,5.0,81.0,0.0
3177654490,4.0,0.0,0.0,31.0,0.0,2.0
3179148644,1.0,0.0,0.0,2.0,0.0,0.0
3179388883,9.0,0.0,1.0,2.0,2.0,0.0
3179515957,2.0,0.0,1.0,5.0,3.0,0.0
3179729495,17.0,10.0,0.0,12.0,26.0,2.0
3179782246,3.0,0.0,0.0,12.0,84.0,82.0
3179795816,6.0,0.0,0.0,8.0,0.0,0.0
3180007991,2.0,0.0,0.0,4.0,2.0,2.0
3180025177,6.0,0.0,0.0,1.0,1.0,0.0
3180198385,1.0,0.0,0.0,1.0,1.0,1.0
3180240926,1.0,0.0,0.0,2.0,0.0,0.0
3180429834,4.0,0.0,0.0,40.0,0.0,0.0
3180452959,14.0,2.0,0.0,10.0,5.0,0.0
3180594900,1.0,0.0,0.0,5.0,2.0,2.0
3180628082,2.0,0.0,0.0,153.0,0.0,0.0
3181043136,1.0,0.0,0.0,7.0,0.0,0.0
3181152111,1.0,0.0,0.0,3.0,0.0,0.0
3181506569,18.0,1.0,0.0,19.0,25.0,0.0
3182060500,8.0,0.0,0.0,4.0,0.0,0.0
3182061205,15.0,7.0,3.0,1.0,4.0,0.0
3182150653,8.0,0.0,0.0,18.0,3.0,1.0
3182466609,6.0,0.0,0.0,4.0,0.0,3.0
3182767311,2.0,0.0,1.0,8.0,1.0,0.0
3183341186,3.0,0.0,0.0,46.0,1.0,0.0
3183430843,1.0,0.0,0.0,4.0,2.0,0.0
3183445350,3.0,0.0,0.0,2.0,0.0,0.0
3183673331,1.0,0.0,0.0,1.0,0.0,0.0
3183823976,4.0,0.0,1.0,3.0,2.0,0.0
3183936442,15.0,0.0,0.0,11.0,12.0,0.0
3184110162,1.0,0.0,0.0,2.0,0.0,0.0
3184337854,4.0,0.0,0.0,1.0,0.0,0.0
3184407666,4.0,0.0,0.0,2.0,0.0,0.0
3184434153,8.0,0.0,0.0,8.0,4.0,0.0
3184590998,8.0,0.0,0.0,7.0,1.0,1.0
3184725856,1.0,0.0,0.0,2.0,0.0,0.0
3184846271,1.0,0.0,0.0,6.0,2.0,0.0
3184850059,3.0,0.0,0.0,0.0,32.0,1.0
3184979418,4.0,0.0,0.0,6.0,1.0,0.0
3185225851,1.0,0.0,0.0,9.0,1.0,1.0
3185272057,15.0,0.0,0.0,27.0,1.0,0.0
3185381113,2.0,0.0,0.0,6.0,1.0,1.0
3185453311,1.0,0.0,1.0,1.0,1.0,0.0
3185504393,1.0,0.0,0.0,1.0,0.0,0.0
3185509791,5.0,0.0,2.0,3.0,2.0,0.0
3185626931,3.0,0.0,0.0,3.0,0.0,0.0
3186218830,7.0,0.0,0.0,5.0,0.0,0.0
3186280686,1.0,0.0,0.0,4.0,0.0,1.0
3186281968,1.0,0.0,0.0,2.0,1.0,0.0
3186564845,1.0,0.0,0.0,4.0,1.0,0.0
3187312401,2.0,0.0,0.0,2.0,3.0,2.0
3187808523,1.0,0.0,0.0,5.0,0.0,1.0
3187810707,1.0,0.0,0.0,6.0,0.0,3.0
3188628049,1.0,0.0,0.0,5.0,0.0,0.0
3188697837,13.0,0.0,1.0,14.0,8.0,4.0
3188718099,1.0,0.0,0.0,8.0,0.0,0.0
3188765592,1.0,0.0,0.0,1.0,0.0,2.0
3188772752,2.0,0.0,0.0,2.0,1.0,0.0
3188777808,2.0,0.0,0.0,3.0,0.0,0.0
3188858394,16.0,8.0,0.0,7.0,0.0,0.0
3188865855,66.0,11.0,3.0,4.0,7.0,0.0
3189058318,7.0,0.0,1.0,1.0,7.0,0.0
3189091502,14.0,6.0,2.0,8.0,0.0,0.0
3189256349,1.0,0.0,0.0,1.0,0.0,0.0
3189270676,2.0,0.0,0.0,2.0,0.0,0.0
3189320448,1.0,0.0,0.0,1.0,0.0,0.0
3189507528,10.0,8.0,0.0,7.0,3.0,0.0
3189562608,93.0,0.0,0.0,96.0,2.0,0.0
3189657312,1.0,0.0,0.0,0.0,4.0,1.0
3189765757,1.0,0.0,0.0,2.0,0.0,0.0
3189842687,1.0,0.0,0.0,3.0,2.0,0.0
3189891999,58.0,20.0,0.0,97.0,7.0,7.0
3189898546,1.0,0.0,0.0,4.0,0.0,0.0
3190006754,6.0,2.0,0.0,8.0,5.0,0.0
3190039936,2.0,0.0,0.0,3.0,0.0,0.0
3190059446,10.0,4.0,1.0,4.0,5.0,1.0
3190159928,18.0,0.0,0.0,13.0,1.0,1.0
3190291382,1.0,0.0,0.0,33.0,0.0,0.0
3190348430,15.0,3.0,4.0,4.0,7.0,0.0
3190612638,1.0,0.0,0.0,4.0,1.0,0.0
3191190245,2.0,0.0,0.0,2.0,1.0,1.0
3191419062,5.0,2.0,1.0,7.0,7.0,2.0
3191875426,5.0,1.0,2.0,6.0,2.0,0.0
3191900498,4.0,0.0,0.0,6.0,4.0,0.0
3192193289,4.0,0.0,0.0,4.0,1.0,1.0
3192232871,3.0,1.0,0.0,3.0,0.0,0.0
3192252952,1.0,0.0,0.0,1.0,0.0,0.0
3192259406,4.0,0.0,0.0,2.0,3.0,0.0
3192327842,1.0,0.0,1.0,2.0,2.0,0.0
3192536220,1.0,0.0,0.0,2.0,0.0,0.0
3192545670,2.0,1.0,0.0,2.0,0.0,0.0
3192728541,72.0,3.0,0.0,7.0,8.0,7.0
3192813466,7.0,0.0,0.0,2.0,0.0,0.0
3192915419,7.0,1.0,0.0,2.0,0.0,0.0
3193018695,1.0,0.0,0.0,2.0,0.0,0.0
3193101857,1.0,0.0,0.0,2.0,1.0,0.0
3193198936,9.0,0.0,0.0,7.0,11.0,1.0
3193205122,2.0,0.0,0.0,5.0,4.0,0.0
3193322434,6.0,0.0,2.0,7.0,2.0,0.0
3193344742,2.0,0.0,0.0,10.0,0.0,0.0
3193524394,34.0,2.0,0.0,8.0,4.0,0.0
3193527516,17.0,10.0,9.0,25.0,41.0,3.0
3193705340,5.0,5.0,1.0,6.0,1.0,0.0
3193705585,1.0,0.0,1.0,2.0,1.0,0.0
3193713791,3.0,0.0,0.0,1.0,1.0,0.0
3193888615,2.0,0.0,0.0,2.0,0.0,0.0
3193985099,8.0,0.0,0.0,5.0,0.0,0.0
3194014636,2.0,0.0,1.0,2.0,1.0,0.0
3194027866,12.0,0.0,0.0,12.0,2.0,0.0
3194058647,18.0,2.0,1.0,21.0,4.0,1.0
3194135600,9.0,0.0,1.0,4.0,1.0,0.0
3194269192,2.0,0.0,0.0,8.0,0.0,0.0
3194288310,1.0,0.0,0.0,1.0,0.0,0.0
3194300634,4.0,0.0,0.0,1.0,0.0,0.0
3194326319,2.0,0.0,0.0,7.0,1.0,0.0
3194549869,1.0,0.0,0.0,13.0,0.0,0.0
3194631752,1.0,0.0,0.0,1.0,0.0,0.0
3195083800,1.0,0.0,0.0,2.0,1.0,0.0
3195198993,2.0,0.0,0.0,3.0,0.0,0.0
3195214066,1.0,0.0,0.0,2.0,1.0,1.0
3195397667,0.0,0.0,1.0,3.0,1.0,0.0
3195465753,3.0,0.0,0.0,4.0,0.0,1.0
3195541807,5.0,0.0,0.0,22.0,34.0,15.0
3195544033,5.0,0.0,0.0,5.0,0.0,1.0
3195738163,1.0,0.0,0.0,1.0,0.0,0.0
3195801570,15.0,0.0,0.0,15.0,0.0,0.0
3195938530,13.0,18.0,20.0,13.0,13.0,0.0
3195951369,2.0,0.0,0.0,2.0,0.0,0.0
3196190395,0.0,1.0,0.0,1.0,0.0,0.0
3196295632,4.0,0.0,0.0,6.0,0.0,0.0
3196479981,4.0,3.0,0.0,4.0,3.0,0.0
3196736429,2.0,0.0,0.0,4.0,3.0,2.0
3196903441,1.0,0.0,0.0,1.0,0.0,0.0
3196952174,1.0,0.0,0.0,2.0,0.0,0.0
3197149473,1.0,0.0,0.0,1.0,0.0,0.0
3197164048,79.0,0.0,5.0,79.0,6.0,0.0
3197264721,1.0,0.0,0.0,1.0,0.0,0.0
3197502999,3.0,0.0,0.0,5.0,0.0,0.0
3197765608,3.0,0.0,0.0,2.0,1.0,0.0
3197771632,1.0,0.0,0.0,5.0,0.0,0.0
3197795537,7.0,0.0,1.0,3.0,3.0,1.0
3198011555,1.0,0.0,0.0,19.0,1.0,1.0
3198212974,1.0,0.0,0.0,1.0,0.0,0.0
3198244189,1.0,0.0,0.0,3.0,1.0,0.0
3198273572,3.0,1.0,1.0,5.0,3.0,0.0
3198276833,1.0,0.0,0.0,1.0,0.0,0.0
3198309782,1.0,0.0,0.0,1.0,0.0,0.0
3198393576,2.0,0.0,0.0,2.0,1.0,0.0
3198495652,1.0,0.0,0.0,14.0,25.0,15.0
3198539313,1.0,2.0,0.0,1.0,0.0,0.0
3198657500,5.0,0.0,0.0,2.0,0.0,0.0
3198732250,2.0,0.0,0.0,3.0,1.0,1.0
3199027461,8.0,3.0,0.0,10.0,1.0,0.0
3199040436,2.0,0.0,0.0,2.0,0.0,0.0
3199050485,5.0,0.0,0.0,6.0,0.0,0.0
3199112507,3.0,0.0,0.0,5.0,4.0,0.0
3199161790,1.0,0.0,0.0,2.0,0.0,0.0
3199210885,10.0,0.0,0.0,8.0,6.0,1.0
3199246505,6.0,0.0,0.0,6.0,1.0,1.0
3199269207,1.0,0.0,0.0,3.0,0.0,0.0
3199291372,7.0,1.0,0.0,2.0,1.0,1.0
3199564335,6.0,0.0,0.0,2.0,0.0,0.0
3199588219,0.0,1.0,0.0,2.0,0.0,0.0
3199623142,8.0,0.0,0.0,1.0,49.0,0.0
3199830965,4.0,2.0,0.0,4.0,2.0,0.0
3199868370,1.0,0.0,0.0,3.0,1.0,1.0
3199870832,1.0,0.0,0.0,2.0,0.0,0.0
3199882677,3.0,1.0,0.0,3.0,0.0,0.0
3199905484,2.0,0.0,0.0,2.0,0.0,0.0
3199914066,13.0,1.0,0.0,3.0,2.0,0.0
3200041097,7.0,1.0,11.0,8.0,21.0,8.0
3200090989,2.0,0.0,0.0,2.0,0.0,0.0
3200159199,1.0,0.0,0.0,2.0,0.0,0.0
3200233643,1.0,0.0,0.0,1.0,0.0,0.0
3200450814,1.0,0.0,1.0,1.0,1.0,0.0
3200535343,1.0,0.0,0.0,1.0,1.0,1.0
3200615668,3.0,0.0,0.0,2.0,0.0,0.0
3200632117,28.0,25.0,17.0,33.0,39.0,15.0
3200632529,2.0,0.0,0.0,18.0,0.0,0.0
3200680511,4.0,2.0,1.0,3.0,1.0,0.0
3200704522,1.0,0.0,0.0,1.0,0.0,0.0
3200773137,3.0,0.0,0.0,3.0,0.0,0.0
3200801681,6.0,2.0,0.0,0.0,2.0,0.0
3200836668,1.0,0.0,0.0,7.0,3.0,3.0
3200861193,0.0,1.0,0.0,2.0,0.0,0.0
3200914224,2.0,0.0,0.0,11.0,6.0,3.0
3200961570,1.0,0.0,0.0,2.0,0.0,0.0
3201019692,2.0,0.0,0.0,3.0,0.0,0.0
3201126255,5.0,0.0,0.0,7.0,10.0,8.0
3201388775,171.0,9.0,37.0,11.0,43.0,1.0
3201407554,6.0,0.0,0.0,3.0,3.0,2.0
3201615275,2.0,0.0,0.0,1.0,0.0,0.0
3201684625,0.0,0.0,1.0,3.0,1.0,0.0
3201826831,0.0,0.0,1.0,4.0,3.0,1.0
3202135682,1.0,0.0,0.0,1.0,0.0,0.0
3202678038,4.0,0.0,0.0,5.0,3.0,0.0
3202730929,2.0,0.0,0.0,2.0,0.0,0.0
3202851217,2.0,0.0,0.0,7.0,2.0,0.0
3203075612,1.0,0.0,0.0,6.0,0.0,0.0
3203097519,1.0,0.0,0.0,6.0,1.0,1.0
3203187912,2.0,0.0,2.0,14.0,7.0,0.0
3203204775,1.0,1.0,0.0,3.0,0.0,0.0
3203376500,13.0,0.0,3.0,1.0,9.0,5.0
3203378613,4.0,0.0,1.0,7.0,0.0,1.0
3203387779,1.0,0.0,0.0,6.0,0.0,0.0
3203419343,2.0,0.0,0.0,3.0,9.0,6.0
3203515928,2.0,0.0,0.0,5.0,1.0,1.0
3203547623,1.0,0.0,0.0,2.0,0.0,0.0
3203682664,1.0,0.0,0.0,1.0,0.0,0.0
3203682901,3.0,0.0,0.0,2.0,1.0,0.0
3203773126,1.0,0.0,0.0,1.0,0.0,0.0
3203773216,4.0,0.0,0.0,3.0,0.0,0.0
3203786184,1.0,0.0,0.0,20.0,0.0,0.0
3204214012,4.0,0.0,0.0,5.0,1.0,0.0
3204252101,24.0,9.0,4.0,5.0,4.0,0.0
3204403099,1.0,0.0,0.0,1.0,0.0,0.0
3204645193,3.0,0.0,0.0,5.0,0.0,0.0
3204701804,1.0,0.0,0.0,1.0,0.0,0.0
3204714993,2.0,0.0,0.0,2.0,1.0,1.0
3204784695,6.0,0.0,0.0,1.0,0.0,0.0
3205042667,3.0,0.0,0.0,8.0,0.0,0.0
3205771814,1.0,0.0,0.0,1.0,0.0,0.0
3205835339,4.0,1.0,0.0,1.0,2.0,0.0
3205873874,11.0,1.0,0.0,4.0,0.0,0.0
3205879151,8.0,1.0,0.0,3.0,1.0,0.0
3206168836,9.0,0.0,0.0,21.0,1.0,0.0
3206197492,4.0,1.0,0.0,4.0,0.0,0.0
3206203957,2.0,0.0,0.0,2.0,0.0,0.0
3206335904,1.0,0.0,0.0,3.0,0.0,0.0
3206464379,7.0,0.0,0.0,9.0,0.0,0.0
3206789297,5.0,0.0,0.0,1.0,0.0,0.0
3206831441,1.0,0.0,0.0,4.0,2.0,0.0
3206984257,10.0,0.0,0.0,1.0,8.0,0.0
3207042909,5.0,0.0,0.0,4.0,0.0,0.0
3207044337,6.0,0.0,0.0,3.0,0.0,0.0
3207062310,3.0,0.0,0.0,2.0,0.0,0.0
3207062392,5.0,0.0,1.0,3.0,1.0,0.0
3207062741,5.0,0.0,1.0,4.0,1.0,0.0
3207069168,6.0,0.0,0.0,3.0,0.0,0.0
3207071991,1.0,0.0,0.0,3.0,2.0,2.0
3207082361,7.0,1.0,0.0,1.0,5.0,0.0
3207286828,2.0,0.0,0.0,2.0,0.0,0.0
3207309274,1.0,1.0,0.0,4.0,0.0,0.0
3207311747,6.0,2.0,2.0,6.0,2.0,0.0
3207348309,1.0,0.0,0.0,3.0,0.0,0.0
3207665528,6.0,2.0,0.0,12.0,10.0,0.0
3207786186,2.0,0.0,0.0,2.0,0.0,0.0
3207947406,1.0,0.0,0.0,1.0,1.0,1.0
3208009671,1.0,0.0,0.0,4.0,0.0,0.0
3208545473,2.0,0.0,0.0,2.0,0.0,0.0
3208559377,5.0,0.0,0.0,15.0,1.0,1.0
3208672912,11.0,1.0,0.0,4.0,0.0,0.0
3208736303,1.0,0.0,0.0,2.0,0.0,0.0
3208946277,2.0,0.0,0.0,1.0,0.0,0.0
3209226572,1.0,0.0,0.0,0.0,8.0,0.0
3209242078,10.0,0.0,0.0,3.0,0.0,0.0
3209290574,2.0,0.0,0.0,5.0,1.0,0.0
3209338958,3.0,0.0,0.0,1.0,0.0,0.0
3209371330,2.0,0.0,0.0,1.0,0.0,0.0
3209378291,1.0,0.0,0.0,5.0,0.0,0.0
3209432582,6.0,0.0,5.0,5.0,6.0,3.0
3209445091,4.0,0.0,0.0,6.0,1.0,0.0
3209551629,6.0,0.0,1.0,4.0,1.0,0.0
3209628373,10.0,0.0,0.0,2.0,0.0,0.0
3209660072,2.0,0.0,0.0,10.0,0.0,0.0
3209695297,5.0,0.0,0.0,5.0,2.0,2.0
3209727238,1.0,0.0,0.0,1.0,0.0,0.0
3209765314,4.0,0.0,0.0,6.0,2.0,0.0
3209954297,2.0,0.0,0.0,4.0,0.0,0.0
3210037675,2.0,0.0,0.0,5.0,0.0,0.0
3210120746,6.0,0.0,0.0,4.0,2.0,0.0
3210123455,4.0,2.0,0.0,12.0,3.0,0.0
3210172444,3.0,0.0,0.0,2.0,1.0,0.0
3210268722,8.0,2.0,0.0,8.0,7.0,1.0
3210633319,1.0,0.0,0.0,1.0,0.0,0.0
3210892176,29.0,0.0,2.0,18.0,15.0,0.0
3210898758,1.0,0.0,0.0,4.0,0.0,0.0
3211122981,3.0,0.0,0.0,12.0,1.0,1.0
3211580457,3.0,0.0,0.0,2.0,0.0,0.0
3211931262,2.0,0.0,0.0,2.0,1.0,0.0
3211948604,1.0,0.0,0.0,3.0,0.0,0.0
3212315483,16.0,0.0,0.0,22.0,0.0,0.0
3212389407,18.0,0.0,0.0,1.0,0.0,0.0
3212422037,1.0,0.0,0.0,1.0,0.0,0.0
3212546999,1.0,0.0,0.0,1.0,0.0,0.0
3212617082,11.0,0.0,0.0,7.0,1.0,0.0
3212624274,9.0,3.0,0.0,3.0,2.0,0.0
3212745068,4.0,0.0,0.0,4.0,0.0,0.0
3212856580,4.0,2.0,2.0,0.0,4.0,2.0
3212880394,2.0,0.0,0.0,6.0,2.0,0.0
3212978749,1.0,0.0,0.0,2.0,0.0,0.0
3213063461,2.0,0.0,0.0,2.0,0.0,0.0
3213092067,5.0,0.0,0.0,4.0,3.0,0.0
3213229671,1.0,0.0,0.0,3.0,2.0,0.0
3213437986,2.0,0.0,0.0,5.0,1.0,0.0
3213779460,11.0,0.0,1.0,2.0,3.0,0.0
3213817178,1.0,0.0,0.0,1.0,0.0,0.0
3213985860,3.0,1.0,0.0,2.0,0.0,0.0
3214122373,1.0,0.0,0.0,3.0,3.0,2.0
3214127213,4.0,0.0,0.0,3.0,1.0,0.0
3214130284,8.0,1.0,1.0,9.0,1.0,0.0
3214543609,8.0,4.0,4.0,6.0,7.0,0.0
3214724259,6.0,0.0,0.0,1.0,0.0,0.0
3214811092,7.0,0.0,0.0,7.0,0.0,0.0
3214842792,1.0,0.0,0.0,5.0,0.0,0.0
3214876564,4.0,1.0,0.0,2.0,0.0,0.0
3215027063,5.0,0.0,1.0,8.0,5.0,0.0
3215171790,1.0,0.0,0.0,1.0,0.0,0.0
3215303795,7.0,5.0,2.0,6.0,1.0,0.0
3215483455,2.0,0.0,2.0,1.0,2.0,0.0
3215670862,15.0,3.0,5.0,16.0,22.0,6.0
3215817850,2.0,0.0,0.0,1.0,0.0,0.0
3215868710,1.0,0.0,0.0,0.0,1.0,0.0
3215891130,3.0,0.0,0.0,3.0,1.0,0.0
3215898746,2.0,0.0,0.0,3.0,1.0,1.0
3216135866,21.0,0.0,3.0,9.0,3.0,0.0
3216251590,1.0,0.0,0.0,12.0,0.0,0.0
3216289477,4.0,0.0,0.0,3.0,3.0,3.0
3216426710,2.0,0.0,0.0,1.0,3.0,2.0
3216449716,0.0,1.0,0.0,1.0,0.0,0.0
3216501010,6.0,0.0,0.0,3.0,0.0,0.0
3216541433,2.0,0.0,0.0,2.0,0.0,0.0
3216648354,21.0,0.0,1.0,24.0,1.0,0.0
3216681123,6.0,0.0,0.0,60.0,0.0,0.0
3216819371,2.0,0.0,0.0,3.0,0.0,0.0
3216830327,2.0,0.0,0.0,2.0,2.0,0.0
3217042074,4.0,1.0,0.0,7.0,0.0,0.0
3217705114,11.0,2.0,78.0,7.0,81.0,0.0
3217974398,2.0,0.0,0.0,2.0,0.0,0.0
3218001320,2.0,0.0,3.0,7.0,0.0,0.0
3218166330,1.0,0.0,0.0,5.0,0.0,0.0
3218897775,3.0,0.0,0.0,1.0,0.0,0.0
3218953118,5.0,1.0,4.0,9.0,5.0,0.0
3218984690,1.0,0.0,0.0,1.0,0.0,0.0
3219037880,1.0,0.0,0.0,1.0,0.0,0.0
3219161389,2.0,0.0,0.0,13.0,0.0,0.0
3219254404,5.0,0.0,0.0,3.0,0.0,0.0
3219279897,2.0,0.0,0.0,2.0,0.0,0.0
3219282636,1.0,0.0,1.0,1.0,1.0,0.0
3219342467,11.0,0.0,0.0,4.0,0.0,0.0
3219404295,1.0,3.0,0.0,3.0,0.0,0.0
3219521968,7.0,2.0,0.0,12.0,6.0,0.0
3219557811,16.0,14.0,11.0,12.0,0.0,0.0
3219588511,3.0,0.0,0.0,17.0,0.0,0.0
3219667345,2.0,0.0,1.0,1.0,1.0,0.0
3219844115,2.0,0.0,0.0,19.0,0.0,0.0
3219880512,106.0,51.0,9.0,18.0,8.0,4.0
3220023158,1.0,0.0,0.0,1.0,108.0,0.0
3220160518,2.0,0.0,0.0,1.0,0.0,0.0
3220223180,5.0,0.0,1.0,4.0,2.0,1.0
3220699146,2.0,0.0,0.0,3.0,0.0,0.0
3220799500,17.0,0.0,0.0,1.0,0.0,0.0
3221365376,3.0,0.0,0.0,2.0,0.0,0.0
3221387455,1.0,0.0,0.0,1.0,0.0,0.0
3221541004,1.0,0.0,0.0,1.0,0.0,0.0
3221613034,7.0,11.0,5.0,13.0,21.0,0.0
3221696975,1.0,0.0,0.0,2.0,0.0,0.0
3221803659,1.0,0.0,0.0,2.0,0.0,0.0
3221817196,1.0,0.0,0.0,11.0,0.0,0.0
3221817850,6.0,0.0,0.0,7.0,0.0,0.0
3221925890,1.0,0.0,0.0,2.0,0.0,0.0
3221926992,4.0,0.0,0.0,7.0,1.0,0.0
3221937633,5.0,3.0,1.0,3.0,1.0,0.0
3221941191,4.0,0.0,0.0,2.0,0.0,0.0
3222212955,1.0,0.0,0.0,1.0,0.0,0.0
3222235753,3.0,0.0,0.0,3.0,0.0,0.0
3222377513,9.0,8.0,1.0,4.0,6.0,0.0
3222480219,1.0,0.0,0.0,8.0,0.0,0.0
3222565138,1.0,0.0,0.0,2.0,0.0,0.0
3222599276,2.0,0.0,0.0,2.0,0.0,0.0
3222639652,4.0,0.0,0.0,4.0,0.0,0.0
3222680745,6.0,1.0,2.0,2.0,2.0,0.0
3222727964,20.0,3.0,8.0,4.0,21.0,3.0
3222755095,20.0,0.0,1.0,19.0,3.0,0.0
3223161592,1.0,0.0,0.0,2.0,0.0,0.0
3223181995,1.0,0.0,0.0,4.0,0.0,0.0
3223289542,3.0,0.0,0.0,4.0,0.0,0.0
3223299299,1.0,0.0,0.0,1.0,0.0,0.0
3223342785,1.0,0.0,0.0,4.0,0.0,0.0
3223375972,1.0,0.0,0.0,1.0,0.0,0.0
3223461985,3.0,0.0,0.0,4.0,3.0,1.0
3223526987,1.0,0.0,0.0,2.0,3.0,0.0
3223643354,2.0,0.0,0.0,4.0,2.0,0.0
3223709587,95.0,0.0,0.0,2.0,2.0,1.0
3223746466,2.0,0.0,0.0,2.0,0.0,0.0
3223799281,3.0,0.0,0.0,3.0,0.0,0.0
3224004468,0.0,0.0,1.0,3.0,1.0,0.0
3224542009,1.0,0.0,0.0,9.0,0.0,0.0
3224697505,3.0,0.0,0.0,1.0,1.0,0.0
3224819412,1.0,0.0,0.0,4.0,0.0,0.0
3225087415,2.0,0.0,0.0,9.0,3.0,0.0
3225182056,3.0,1.0,1.0,7.0,1.0,0.0
3225540340,14.0,0.0,0.0,7.0,2.0,1.0
3225560842,9.0,1.0,0.0,2.0,0.0,0.0
3225566092,1.0,0.0,0.0,2.0,0.0,0.0
3225582129,2.0,0.0,0.0,1.0,0.0,0.0
3225638345,6.0,0.0,1.0,11.0,4.0,0.0
3225725945,4.0,1.0,0.0,5.0,0.0,0.0
3225967826,1.0,0.0,0.0,5.0,1.0,1.0
3226005840,1.0,0.0,1.0,2.0,0.0,0.0
3226056235,21.0,1.0,0.0,21.0,50.0,1.0
3226091042,1.0,0.0,0.0,21.0,0.0,0.0
3226145369,10.0,6.0,0.0,2.0,0.0,0.0
3226265972,182.0,8.0,1.0,96.0,70.0,79.0
3226305866,1.0,0.0,0.0,2.0,0.0,0.0
3226522393,1.0,0.0,0.0,2.0,2.0,2.0
3226556821,17.0,0.0,0.0,3.0,4.0,0.0
3226645641,51.0,1.0,0.0,8.0,15.0,0.0
3226665537,2.0,0.0,0.0,3.0,2.0,0.0
3226748763,1.0,0.0,0.0,2.0,3.0,0.0
3226749053,2.0,0.0,0.0,2.0,2.0,0.0
3226749167,2.0,0.0,0.0,2.0,2.0,0.0
3226808853,1.0,0.0,0.0,2.0,0.0,0.0
3227055314,2.0,0.0,2.0,2.0,3.0,0.0
3227205708,1.0,0.0,0.0,3.0,2.0,1.0
3227311781,2.0,0.0,0.0,4.0,0.0,0.0
3227441495,29.0,0.0,0.0,25.0,0.0,0.0
3227497381,31.0,2.0,5.0,14.0,8.0,1.0
3227679772,4.0,0.0,0.0,2.0,3.0,0.0
3227863242,1.0,0.0,0.0,1.0,0.0,0.0
3227866239,13.0,0.0,0.0,2.0,2.0,0.0
3227867582,1.0,0.0,0.0,5.0,0.0,0.0
3227964990,35.0,0.0,0.0,5.0,0.0,0.0
3228266614,1.0,0.0,1.0,1.0,1.0,0.0
3228390000,2.0,0.0,0.0,7.0,7.0,0.0
3228424652,2.0,0.0,0.0,1.0,0.0,0.0
3228984917,10.0,0.0,0.0,2.0,17.0,17.0
3229096395,28.0,9.0,1.0,15.0,0.0,0.0
3229168756,0.0,1.0,0.0,4.0,0.0,0.0
3229415342,1.0,0.0,0.0,3.0,0.0,0.0
3229430451,1.0,0.0,0.0,1.0,0.0,0.0
3229516571,3.0,0.0,0.0,1.0,1.0,0.0
3229550409,1.0,0.0,0.0,1.0,0.0,0.0
3229687873,1.0,0.0,0.0,5.0,2.0,0.0
3229710961,6.0,0.0,1.0,6.0,0.0,5.0
3229727541,1.0,0.0,0.0,1.0,0.0,0.0
3229753028,1.0,0.0,0.0,2.0,0.0,0.0
3230019193,1.0,0.0,0.0,2.0,0.0,0.0
3230307499,1.0,0.0,0.0,6.0,0.0,0.0
3230414759,6.0,2.0,0.0,2.0,2.0,0.0
3230458023,6.0,0.0,1.0,4.0,4.0,0.0
3230508229,2.0,0.0,0.0,1.0,0.0,0.0
3230537108,20.0,2.0,1.0,10.0,4.0,1.0
3230537798,12.0,1.0,1.0,4.0,6.0,0.0
3230759504,2.0,0.0,0.0,7.0,1.0,0.0
3230937121,1.0,0.0,0.0,9.0,6.0,1.0
3231939415,6.0,1.0,0.0,4.0,1.0,0.0
3232086545,13.0,0.0,1.0,9.0,1.0,0.0
3232357145,2.0,0.0,0.0,2.0,2.0,0.0
3232435672,19.0,0.0,0.0,3.0,1.0,0.0
3232438793,14.0,0.0,0.0,22.0,0.0,0.0
3232539895,1.0,0.0,0.0,8.0,0.0,0.0
3232585648,6.0,0.0,2.0,2.0,4.0,0.0
3232670129,2.0,0.0,0.0,2.0,0.0,0.0
3232691904,38.0,2.0,3.0,11.0,6.0,1.0
3232802201,5.0,0.0,0.0,9.0,1.0,0.0
3232947002,2.0,0.0,0.0,3.0,1.0,1.0
3232980564,0.0,4.0,0.0,2.0,0.0,0.0
3233086533,1.0,0.0,0.0,2.0,0.0,0.0
3233175153,1.0,0.0,0.0,2.0,0.0,0.0
3233495429,11.0,4.0,0.0,1.0,0.0,0.0
3233770846,0.0,0.0,1.0,4.0,1.0,0.0
3233855622,32.0,8.0,1.0,10.0,6.0,1.0
3234052393,3.0,1.0,0.0,1.0,5.0,0.0
3234152217,13.0,0.0,0.0,14.0,1.0,0.0
3234226080,7.0,3.0,1.0,5.0,2.0,1.0
3234526044,9.0,0.0,0.0,14.0,0.0,0.0
3234558200,1.0,0.0,0.0,4.0,5.0,0.0
3234559389,4.0,0.0,0.0,2.0,6.0,0.0
3234773539,2.0,0.0,0.0,2.0,1.0,0.0
3234804067,1.0,0.0,0.0,11.0,0.0,0.0
3234835900,3.0,0.0,1.0,6.0,2.0,0.0
3234862868,3.0,0.0,0.0,16.0,2.0,0.0
3235010382,2.0,0.0,0.0,3.0,0.0,0.0
3235036061,5.0,1.0,2.0,3.0,1.0,0.0
3235103212,5.0,0.0,0.0,6.0,0.0,0.0
3235213901,1.0,0.0,0.0,4.0,0.0,0.0
3235347485,3.0,0.0,0.0,4.0,0.0,0.0
3235606428,21.0,3.0,4.0,11.0,4.0,0.0
3235624540,2.0,0.0,0.0,2.0,0.0,0.0
3235847706,3.0,0.0,0.0,3.0,0.0,0.0
3236162443,1.0,0.0,0.0,20.0,0.0,0.0
3236292101,2.0,0.0,0.0,1.0,0.0,0.0
3236293441,2.0,0.0,1.0,3.0,1.0,0.0
3236369998,1.0,0.0,0.0,5.0,0.0,0.0
3236528961,3.0,0.0,0.0,9.0,0.0,0.0
3236959707,8.0,0.0,0.0,15.0,6.0,1.0
3237929957,2.0,0.0,0.0,1.0,0.0,0.0
3238012390,17.0,0.0,0.0,2.0,0.0,0.0
3238046925,47.0,0.0,2.0,20.0,3.0,7.0
3238146970,1.0,0.0,0.0,3.0,0.0,0.0
3238286660,3.0,0.0,0.0,2.0,0.0,0.0
3238383944,19.0,1.0,0.0,1.0,4.0,3.0
3238659253,1.0,0.0,0.0,4.0,0.0,0.0
3239311333,2.0,0.0,0.0,5.0,6.0,0.0
3239583079,2.0,0.0,0.0,3.0,1.0,0.0
3239718018,5.0,0.0,0.0,2.0,2.0,0.0
3239813524,3.0,0.0,0.0,1.0,0.0,0.0
3239840445,3.0,0.0,0.0,2.0,0.0,0.0
3240293802,2.0,0.0,0.0,2.0,0.0,0.0
3240378102,2.0,0.0,0.0,2.0,0.0,0.0
3240378214,1.0,0.0,0.0,9.0,0.0,0.0
3241336803,7.0,2.0,1.0,9.0,6.0,2.0
3241472881,89.0,84.0,15.0,2.0,0.0,0.0
3241527624,3.0,1.0,0.0,3.0,0.0,0.0
3241545126,4.0,0.0,0.0,4.0,2.0,0.0
3241546085,2.0,0.0,0.0,1.0,0.0,0.0
3241570199,4.0,0.0,0.0,2.0,2.0,1.0
3241695455,6.0,0.0,0.0,18.0,1.0,0.0
3241734959,8.0,0.0,0.0,6.0,1.0,0.0
3241810861,4.0,0.0,2.0,3.0,3.0,0.0
3241890972,28.0,1.0,0.0,6.0,3.0,1.0
3241986884,20.0,0.0,0.0,26.0,7.0,0.0
3242008869,9.0,1.0,0.0,8.0,0.0,0.0
3242425051,1.0,1.0,1.0,0.0,1.0,0.0
3242974102,2.0,0.0,0.0,2.0,1.0,0.0
3242974861,1.0,0.0,0.0,11.0,0.0,0.0
3243017418,6.0,3.0,0.0,2.0,0.0,0.0
3243753455,5.0,0.0,1.0,3.0,1.0,0.0
3244343726,2.0,0.0,0.0,3.0,1.0,1.0
3244348773,1.0,0.0,0.0,4.0,1.0,0.0
3244478374,6.0,3.0,0.0,3.0,1.0,0.0
3244614754,8.0,0.0,7.0,0.0,15.0,1.0
3244776763,3.0,0.0,1.0,0.0,4.0,0.0
3244837986,10.0,5.0,2.0,4.0,3.0,0.0
3244840307,6.0,0.0,0.0,3.0,6.0,3.0
3244842922,3.0,0.0,0.0,2.0,0.0,0.0
3244848585,24.0,3.0,0.0,8.0,0.0,0.0
3244866747,21.0,9.0,8.0,3.0,1.0,0.0
3244901827,25.0,0.0,0.0,6.0,2.0,0.0
3244974554,4.0,0.0,0.0,5.0,1.0,0.0
3244989711,2.0,0.0,1.0,2.0,1.0,0.0
3245011006,2.0,4.0,0.0,3.0,0.0,0.0
3245032324,1.0,1.0,0.0,0.0,1.0,0.0
3245369952,10.0,0.0,0.0,11.0,6.0,0.0
3245408233,0.0,0.0,1.0,3.0,2.0,0.0
3245424562,47.0,2.0,4.0,6.0,1.0,0.0
3245632375,6.0,1.0,0.0,4.0,0.0,0.0
3245668511,0.0,1.0,0.0,1.0,0.0,0.0
3246180908,3.0,0.0,0.0,5.0,0.0,0.0
3246334136,1.0,0.0,0.0,1.0,0.0,0.0
3246366800,1.0,0.0,0.0,6.0,3.0,0.0
3246453941,4.0,0.0,0.0,5.0,0.0,0.0
3246516750,7.0,2.0,1.0,2.0,1.0,0.0
3246642343,17.0,4.0,1.0,5.0,0.0,6.0
3246684833,1.0,0.0,0.0,6.0,2.0,2.0
3246973819,14.0,0.0,0.0,9.0,0.0,0.0
3246982201,8.0,0.0,0.0,3.0,1.0,1.0
3246999732,1.0,0.0,0.0,6.0,1.0,0.0
3247580756,4.0,0.0,0.0,2.0,4.0,0.0
3247637424,4.0,0.0,0.0,6.0,5.0,1.0
3247661050,42.0,2.0,2.0,5.0,1.0,0.0
3247869356,2.0,0.0,0.0,2.0,1.0,1.0
3248492032,1.0,0.0,0.0,2.0,1.0,0.0
3248668849,2.0,0.0,0.0,5.0,0.0,0.0
3248888118,1.0,0.0,1.0,1.0,2.0,1.0
3248956761,1.0,0.0,0.0,5.0,1.0,1.0
3249032709,1.0,0.0,0.0,4.0,2.0,2.0
3249366603,2.0,0.0,0.0,2.0,0.0,0.0
3250024089,23.0,0.0,27.0,6.0,98.0,0.0
3250327564,3.0,0.0,0.0,8.0,0.0,0.0
3250440088,23.0,0.0,0.0,7.0,3.0,0.0
3250440158,3.0,0.0,0.0,5.0,0.0,0.0
3250455355,1.0,0.0,0.0,10.0,6.0,3.0
3250546916,4.0,0.0,0.0,4.0,2.0,0.0
3250548398,2.0,0.0,0.0,2.0,0.0,0.0
3250549842,3.0,0.0,0.0,2.0,2.0,2.0
3250552871,1.0,0.0,0.0,3.0,0.0,0.0
3250557844,2.0,0.0,0.0,2.0,0.0,0.0
3250824111,21.0,7.0,7.0,6.0,2.0,0.0
3251370397,1.0,0.0,0.0,1.0,0.0,0.0
3251459747,4.0,0.0,0.0,27.0,1.0,1.0
3251609070,73.0,12.0,0.0,19.0,0.0,0.0
3251615613,11.0,1.0,0.0,1.0,6.0,0.0
3251643358,1.0,0.0,0.0,1.0,0.0,0.0
3251731325,1.0,0.0,0.0,2.0,0.0,0.0
3252187698,18.0,1.0,3.0,12.0,6.0,0.0
3252390478,3.0,0.0,1.0,1.0,1.0,0.0
3252537855,1.0,0.0,0.0,6.0,0.0,0.0
3252598985,1.0,0.0,0.0,3.0,213.0,211.0
3252602399,1.0,0.0,0.0,9.0,217.0,217.0
3252718061,1.0,0.0,0.0,1.0,0.0,0.0
3252814882,1.0,0.0,0.0,13.0,0.0,0.0
3253109904,8.0,0.0,0.0,2.0,0.0,0.0
3253117553,10.0,0.0,0.0,1.0,0.0,0.0
3253285828,1.0,0.0,0.0,3.0,0.0,0.0
3253454706,1.0,0.0,0.0,1.0,2.0,0.0
3253486172,4.0,0.0,0.0,6.0,0.0,0.0
3253517210,21.0,1.0,247.0,9.0,244.0,2.0
3253517563,2.0,0.0,0.0,2.0,0.0,0.0
3253538190,91.0,0.0,0.0,11.0,0.0,0.0
3253623690,4.0,0.0,0.0,3.0,0.0,0.0
3253644211,4.0,0.0,0.0,13.0,0.0,0.0
3253693371,1.0,0.0,0.0,1.0,1.0,1.0
3254261062,7.0,0.0,0.0,6.0,8.0,4.0
3254320778,1.0,0.0,0.0,7.0,0.0,0.0
3254436323,1.0,0.0,0.0,1.0,0.0,0.0
3254443036,3.0,0.0,0.0,2.0,1.0,0.0
3254452408,4.0,0.0,0.0,6.0,1.0,0.0
3254551884,6.0,0.0,0.0,3.0,0.0,0.0
3254588245,6.0,5.0,1.0,1.0,1.0,0.0
3254680021,1.0,0.0,0.0,2.0,0.0,0.0
3255020828,56.0,0.0,0.0,56.0,0.0,0.0
3255318562,3.0,0.0,0.0,1.0,0.0,0.0
3255319889,2.0,0.0,0.0,3.0,0.0,0.0
3255564010,1.0,0.0,2.0,3.0,3.0,1.0
3255802721,6.0,0.0,2.0,6.0,6.0,1.0
3255989855,6.0,0.0,0.0,1.0,0.0,0.0
3255995375,4.0,0.0,0.0,8.0,2.0,0.0
3256237787,7.0,0.0,0.0,3.0,1.0,0.0
3256257821,1.0,0.0,0.0,1.0,0.0,0.0
3256279457,2.0,0.0,1.0,5.0,5.0,2.0
3256365540,4.0,3.0,0.0,5.0,9.0,0.0
3256396149,1.0,0.0,0.0,1.0,0.0,0.0
3256421862,1.0,0.0,0.0,1.0,0.0,0.0
3256509471,3.0,0.0,0.0,5.0,0.0,0.0
3256664617,3.0,0.0,0.0,5.0,0.0,0.0
3256720288,5.0,1.0,0.0,12.0,5.0,2.0
3256738233,2.0,1.0,0.0,1.0,0.0,0.0
3257216430,4.0,0.0,0.0,7.0,3.0,0.0
3257241051,24.0,6.0,3.0,5.0,0.0,0.0
3257283781,1.0,0.0,0.0,3.0,1.0,0.0
3257962427,2.0,0.0,0.0,1.0,0.0,0.0
3258336201,4.0,0.0,0.0,7.0,0.0,0.0
3258699253,4.0,0.0,0.0,3.0,2.0,0.0
3258861544,2.0,0.0,0.0,1.0,3.0,2.0
3258871327,2.0,0.0,0.0,3.0,3.0,0.0
3258871701,2.0,0.0,0.0,1.0,0.0,0.0
3258872451,2.0,0.0,0.0,1.0,1.0,0.0
3258874080,2.0,0.0,0.0,2.0,0.0,0.0
3258874669,2.0,0.0,0.0,2.0,5.0,0.0
3258878150,2.0,0.0,0.0,3.0,2.0,0.0
3259095271,1.0,0.0,0.0,1.0,0.0,0.0
3259111897,1.0,0.0,0.0,4.0,217.0,217.0
3259279446,3.0,0.0,0.0,10.0,225.0,218.0
3259884497,5.0,2.0,4.0,3.0,3.0,0.0
3260016636,2.0,0.0,0.0,2.0,0.0,0.0
3260236912,21.0,5.0,0.0,16.0,17.0,1.0
3260345989,1.0,0.0,0.0,1.0,0.0,0.0
3260366203,1.0,1.0,0.0,3.0,0.0,0.0
3260720963,4.0,1.0,0.0,4.0,0.0,0.0
3260797588,1.0,0.0,0.0,1.0,0.0,0.0
3260887009,5.0,1.0,0.0,4.0,0.0,1.0
3261572196,4.0,0.0,0.0,6.0,0.0,0.0
3261757119,1.0,0.0,0.0,2.0,0.0,0.0
3262092562,1.0,0.0,0.0,2.0,0.0,0.0
3262413935,20.0,1.0,0.0,17.0,0.0,0.0
3262414990,2.0,0.0,0.0,2.0,0.0,0.0
3262417356,3.0,0.0,0.0,4.0,0.0,0.0
3262894009,4.0,0.0,0.0,9.0,2.0,2.0
3262902843,1.0,0.0,1.0,122.0,2.0,1.0
3262972925,9.0,0.0,0.0,3.0,5.0,3.0
3263037151,11.0,0.0,1.0,11.0,1.0,0.0
3263042770,2.0,0.0,0.0,4.0,2.0,1.0
3263156715,3.0,0.0,0.0,7.0,0.0,0.0
3263238496,1.0,0.0,0.0,2.0,0.0,0.0
3263934382,8.0,0.0,0.0,7.0,7.0,0.0
3264140320,2.0,0.0,0.0,2.0,0.0,0.0
3264354400,1.0,0.0,0.0,4.0,1.0,0.0
3264625639,1.0,0.0,0.0,57.0,1.0,1.0
3264776526,7.0,1.0,0.0,1.0,0.0,0.0
3264789507,1.0,0.0,0.0,1.0,0.0,0.0
3264795559,3.0,0.0,0.0,1.0,0.0,0.0
3264892289,2.0,0.0,0.0,12.0,0.0,0.0
3264895237,2.0,0.0,0.0,11.0,8.0,0.0
3265278926,2.0,0.0,0.0,2.0,0.0,0.0
3265640341,2.0,0.0,0.0,3.0,1.0,0.0
3265665682,1.0,0.0,0.0,1.0,0.0,0.0
3265781834,3.0,0.0,1.0,9.0,0.0,0.0
3265801820,4.0,0.0,0.0,5.0,3.0,0.0
3266170682,5.0,0.0,0.0,4.0,0.0,0.0
3266983404,3.0,0.0,0.0,8.0,4.0,1.0
3267051989,1.0,0.0,0.0,1.0,0.0,0.0
3267057229,4.0,1.0,0.0,1.0,0.0,0.0
3267135504,18.0,2.0,0.0,20.0,2.0,0.0
3267727216,8.0,0.0,0.0,16.0,0.0,0.0
3267970992,3.0,0.0,0.0,1.0,0.0,0.0
3268208096,3.0,0.0,0.0,32.0,0.0,0.0
3268596960,1.0,0.0,0.0,1.0,0.0,0.0
3269032263,0.0,0.0,1.0,17.0,6.0,0.0
3269431915,22.0,1.0,2.0,7.0,5.0,0.0
3269663648,32.0,0.0,0.0,12.0,1.0,1.0
3269888763,9.0,3.0,0.0,3.0,1.0,0.0
3271081741,2.0,0.0,0.0,5.0,2.0,1.0
3271253142,2.0,0.0,0.0,5.0,1.0,0.0
3271282745,1.0,0.0,0.0,5.0,0.0,0.0
3271660213,15.0,3.0,2.0,3.0,2.0,0.0
3271748860,1.0,0.0,0.0,4.0,0.0,0.0
3271981746,1.0,0.0,0.0,4.0,2.0,0.0
3271988317,0.0,2.0,0.0,45.0,41.0,4.0
3272229568,4.0,0.0,1.0,3.0,1.0,0.0
3272442466,23.0,0.0,0.0,64.0,8.0,2.0
3273050893,1.0,0.0,0.0,1.0,0.0,0.0
3273121567,3.0,0.0,0.0,4.0,0.0,0.0
3273141584,6.0,0.0,0.0,8.0,0.0,0.0
3273174258,2.0,0.0,0.0,2.0,0.0,0.0
3273233066,24.0,3.0,0.0,25.0,7.0,0.0
3273353684,1.0,0.0,0.0,1.0,0.0,0.0
3273467014,9.0,0.0,0.0,8.0,0.0,0.0
3274013426,2.0,0.0,0.0,14.0,2.0,10.0
3274013683,2.0,0.0,0.0,5.0,1.0,6.0
3274038425,0.0,1.0,0.0,12.0,2.0,0.0
3275134373,2.0,0.0,0.0,7.0,0.0,0.0
3275314197,2.0,0.0,0.0,8.0,3.0,1.0
3275732837,3.0,0.0,0.0,2.0,0.0,0.0
3275838023,5.0,0.0,0.0,2.0,1.0,0.0
3276078353,5.0,0.0,0.0,6.0,0.0,0.0
3276367328,3.0,0.0,0.0,5.0,2.0,0.0
3276441777,1.0,0.0,0.0,1.0,0.0,0.0
3276536247,2.0,0.0,0.0,2.0,0.0,0.0
3276548217,4.0,0.0,0.0,5.0,0.0,0.0
3276550075,4.0,0.0,0.0,3.0,0.0,0.0
3276737729,4.0,0.0,1.0,3.0,1.0,0.0
3276756515,2.0,0.0,0.0,3.0,0.0,0.0
3276973636,1.0,0.0,0.0,3.0,0.0,0.0
