pr_id,human_added_lines,human_removed_lines,human_changed_lines,agent_added_lines,agent_removed_lines,agent_changed_lines
2757674020,5.0,114.0,119.0,1641.0,733.0,2374.0
2758215458,104.0,160.0,264.0,329.0,277.0,606.0
2758742372,351.0,452.0,803.0,364.0,44.0,408.0
2760243902,6.0,10.0,16.0,1358.0,1063.0,2421.0
2761085743,295.0,177.0,472.0,783.0,98.0,881.0
2761376844,130.0,9.0,139.0,44.0,2.0,46.0
2763620087,5.0,29.0,34.0,65.0,12.0,77.0
2766442004,319.0,327.0,646.0,435.0,19.0,454.0
2767891481,7537.0,0.0,7537.0,492.0,0.0,492.0
2768057346,62.0,65.0,127.0,482.0,105.0,587.0
2768057378,1.0,1.0,2.0,237.0,36.0,273.0
2768132850,335.0,234.0,569.0,1193.0,702.0,1895.0
2768656574,249.0,328.0,577.0,2010.0,1307.0,3317.0
2768662452,1.0,1.0,2.0,259.0,113.0,372.0
2768706725,96.0,89.0,185.0,368.0,148.0,516.0
2768814420,33.0,29.0,62.0,178.0,0.0,178.0
2768952674,40.0,42.0,82.0,97.0,37.0,134.0
2768962384,36.0,75.0,111.0,256.0,38.0,294.0
2769204205,2447.0,8733.0,11180.0,201.0,39.0,240.0
2769559533,282.0,80.0,362.0,95.0,8.0,103.0
2770724281,20.0,14.0,34.0,80.0,9.0,89.0
2771417743,5.0,5.0,10.0,67.0,22.0,89.0
2772413148,165.0,117.0,282.0,55.0,54.0,109.0
2773814208,2.0,1.0,3.0,2.0,1.0,3.0
2773911009,1.0,2.0,3.0,111.0,22.0,133.0
2775192816,1483.0,788.0,2271.0,262.0,115.0,377.0
2777165691,88.0,41.0,129.0,180.0,2.0,182.0
2777347182,2.0,2.0,4.0,9.0,3.0,12.0
2777961937,39.0,10.0,49.0,73.0,19.0,92.0
2782528229,67.0,52.0,119.0,91.0,25.0,116.0
2782566930,208.0,116.0,324.0,28.0,2.0,30.0
2783421768,1519.0,64.0,1583.0,139.0,12.0,151.0
2783423999,39.0,45.0,84.0,347.0,206.0,553.0
2783583943,33.0,10.0,43.0,30.0,5.0,35.0
2784386339,1.0,1.0,2.0,234.0,0.0,234.0
2784399427,0.0,8.0,8.0,144.0,0.0,144.0
2784409350,1.0,4.0,5.0,175.0,8.0,183.0
2784417626,1.0,1.0,2.0,162.0,0.0,162.0
2784574087,0.0,69.0,69.0,456.0,111.0,567.0
2784931990,166.0,117.0,283.0,257.0,42.0,299.0
2788022491,2.0,5.0,7.0,885.0,55.0,940.0
2788029019,0.0,3.0,3.0,151.0,0.0,151.0
2788912798,31.0,29.0,60.0,146.0,12.0,158.0
2790033388,33.0,51.0,84.0,112.0,3.0,115.0
2790142805,46.0,46.0,92.0,752.0,104.0,856.0
2790317638,0.0,11.0,11.0,350.0,6.0,356.0
2791025700,10.0,42.0,52.0,200.0,170.0,370.0
2791971139,60.0,37.0,97.0,26.0,12.0,38.0
2792386162,1728.0,34.0,1762.0,260.0,0.0,260.0
2794323375,0.0,707.0,707.0,1629.0,413.0,2042.0
2794549110,34.0,19.0,53.0,31.0,13.0,44.0
2795084819,1043.0,473.0,1516.0,1344.0,564.0,1908.0
2795172513,2.0,6.0,8.0,1915.0,106.0,2021.0
2796002590,199.0,341.0,540.0,405.0,79.0,484.0
2796796712,82.0,38.0,120.0,196.0,0.0,196.0
2797157546,5.0,4.0,9.0,36.0,17.0,53.0
2798295763,1.0,1.0,2.0,10.0,10.0,20.0
2798748566,23.0,20.0,43.0,878.0,10.0,888.0
2799374100,16.0,11.0,27.0,305.0,39.0,344.0
2801019781,25.0,23.0,48.0,12.0,10.0,22.0
2812962777,1.0,435.0,436.0,85.0,129.0,214.0
2814132697,144.0,78.0,222.0,123.0,12.0,135.0
2816265555,128.0,72.0,200.0,134.0,9.0,143.0
2816497487,8.0,2.0,10.0,11.0,2.0,13.0
2816690510,8.0,24.0,32.0,331.0,129.0,460.0
2816855074,10.0,11.0,21.0,50.0,43.0,93.0
2816979353,88.0,39.0,127.0,12.0,2.0,14.0
2817069743,43.0,36.0,79.0,49.0,58.0,107.0
2818558986,1.0,1.0,2.0,41.0,3.0,44.0
2819900203,298.0,129.0,427.0,471.0,479.0,950.0
2821578095,342.0,226.0,568.0,454.0,77.0,531.0
2821659019,207.0,297.0,504.0,15.0,8.0,23.0
2821716083,38.0,78.0,116.0,1815.0,520.0,2335.0
2822921623,2108.0,179.0,2287.0,65.0,5.0,70.0
2824427819,123.0,69.0,192.0,346.0,66.0,412.0
2826117544,95.0,46.0,141.0,235.0,53.0,288.0
2828443532,59.0,221.0,280.0,17.0,2.0,19.0
2833599213,74.0,173.0,247.0,191.0,1.0,192.0
2833672153,490.0,416.0,906.0,2418.0,500.0,2918.0
2834352797,62.0,88.0,150.0,941.0,659.0,1600.0
2834670369,9.0,12.0,21.0,363.0,189.0,552.0
2836598978,92.0,71.0,163.0,73.0,8.0,81.0
2836653590,143.0,145.0,288.0,600.0,559.0,1159.0
2836672024,37.0,26.0,63.0,35.0,13.0,48.0
2836723533,1.0,1.0,2.0,5.0,4.0,9.0
2838943759,5.0,13.0,18.0,30.0,1458.0,1488.0
2839339063,396.0,106.0,502.0,229.0,28.0,257.0
2839674957,53.0,4.0,57.0,20.0,0.0,20.0
2840161375,28.0,11.0,39.0,22.0,1.0,23.0
2840501983,163.0,63.0,226.0,125.0,137.0,262.0
2841035709,3.0,2.0,5.0,163.0,7.0,170.0
2841314055,1.0,1.0,2.0,40.0,0.0,40.0
2843318713,3.0,3.0,6.0,35.0,35.0,70.0
2848656258,3.0,5.0,8.0,33.0,10.0,43.0
2854857552,13.0,32.0,45.0,32.0,8.0,40.0
2855360043,748.0,889.0,1637.0,235.0,6.0,241.0
2855375047,176.0,213.0,389.0,452.0,321.0,773.0
2857168507,3.0,3.0,6.0,9.0,1.0,10.0
2857171695,12.0,299.0,311.0,622.0,122.0,744.0
2857777582,1.0,3.0,4.0,251.0,160.0,411.0
2857942945,12.0,4.0,16.0,52.0,17.0,69.0
2861250143,11.0,7.0,18.0,10.0,2.0,12.0
2861606292,7.0,5.0,12.0,26.0,18.0,44.0
2861659768,6.0,21.0,27.0,40.0,23.0,63.0
2861751791,25.0,30.0,55.0,21.0,19.0,40.0
2861932217,1.0,1.0,2.0,5.0,5.0,10.0
2862032354,256.0,207.0,463.0,103.0,10.0,113.0
2863193910,11.0,18.0,29.0,56.0,31.0,87.0
2864468865,241.0,83.0,324.0,15.0,16.0,31.0
2864543554,3.0,3.0,6.0,4.0,4.0,8.0
2866973510,11.0,31.0,42.0,109.0,22.0,131.0
2867059564,9.0,6.0,15.0,16.0,4.0,20.0
2867702969,9.0,16.0,25.0,33.0,5.0,38.0
2868448806,38.0,98.0,136.0,116.0,3.0,119.0
2869820528,582.0,438.0,1020.0,106.0,17.0,123.0
2870344282,25589.0,13815.0,39404.0,327.0,9.0,336.0
2870515513,28.0,14.0,42.0,220.0,74.0,294.0
2870584468,44.0,42.0,86.0,203.0,63.0,266.0
2870636223,22.0,3.0,25.0,160.0,39.0,199.0
2870860967,16.0,7.0,23.0,65.0,18.0,83.0
2875791440,0.0,19.0,19.0,46.0,24.0,70.0
2879029392,4.0,3.0,7.0,1068.0,49.0,1117.0
2879968675,15.0,20.0,35.0,88.0,43.0,131.0
2881647051,4.0,1.0,5.0,20.0,9.0,29.0
2882366050,40.0,69.0,109.0,114.0,2.0,116.0
2883177962,40.0,102.0,142.0,75.0,17.0,92.0
2883187330,34.0,19.0,53.0,2452.0,499.0,2951.0
2884694604,1527.0,962.0,2489.0,398.0,252.0,650.0
2885384121,17.0,31.0,48.0,30.0,4.0,34.0
2886594739,86.0,13.0,99.0,72.0,23.0,95.0
2886653082,78.0,5.0,83.0,51.0,3.0,54.0
2886665013,78.0,5.0,83.0,50.0,2.0,52.0
2887008712,636.0,372.0,1008.0,1253.0,476.0,1729.0
2888657963,3.0,2.0,5.0,3.0,2.0,5.0
2888982802,13.0,12.0,25.0,12.0,8.0,20.0
2889141848,17.0,26.0,43.0,35.0,4.0,39.0
2889292561,1.0,0.0,1.0,72.0,27.0,99.0
2890051390,1.0,5.0,6.0,23.0,16.0,39.0
2890902785,212.0,152.0,364.0,339.0,25.0,364.0
2891886147,20.0,17.0,37.0,25.0,0.0,25.0
2892007195,70.0,6.0,76.0,173.0,114.0,287.0
2892485327,41.0,9.0,50.0,237.0,1410.0,1647.0
2892490441,109.0,73.0,182.0,137.0,2.0,139.0
2892501559,23.0,15.0,38.0,79.0,7.0,86.0
2892552345,207.0,60.0,267.0,1413.0,268.0,1681.0
2892580326,7.0,7.0,14.0,49.0,29.0,78.0
2894930869,893.0,350.0,1243.0,1220.0,159.0,1379.0
2894991782,1.0,1.0,2.0,39.0,17.0,56.0
2895262047,261.0,237.0,498.0,358.0,0.0,358.0
2895280174,32.0,8.0,40.0,63.0,12.0,75.0
2895280316,38.0,39.0,77.0,39.0,4.0,43.0
2895316084,59.0,48.0,107.0,324.0,224.0,548.0
2895342484,33.0,37.0,70.0,163.0,54.0,217.0
2895754600,566.0,445.0,1011.0,423.0,194.0,617.0
2895778082,35.0,57.0,92.0,75.0,29.0,104.0
2896051708,97.0,467.0,564.0,778.0,313.0,1091.0
2896059278,4228.0,86.0,4314.0,60.0,5.0,65.0
2896909918,38.0,39.0,77.0,369.0,146.0,515.0
2897765164,314.0,29.0,343.0,853.0,163.0,1016.0
2897770314,2.0,4.0,6.0,10.0,0.0,10.0
2898221484,2133.0,55.0,2188.0,66.0,3.0,69.0
2898408890,0.0,4.0,4.0,34.0,8.0,42.0
2898927585,0.0,40.0,40.0,44.0,2.0,46.0
2898933775,2.0,2.0,4.0,10.0,9.0,19.0
2898943616,1.0,1.0,2.0,42.0,1.0,43.0
2900197484,363.0,887.0,1250.0,446.0,199.0,645.0
2900522154,31.0,32.0,63.0,294.0,2.0,296.0
2901331792,2.0,22.0,24.0,23.0,1.0,24.0
2901541408,23.0,43.0,66.0,26.0,1.0,27.0
2901612191,22.0,10.0,32.0,546.0,1.0,547.0
2901619958,16.0,11.0,27.0,78.0,3.0,81.0
2901620466,140.0,51.0,191.0,1041.0,7.0,1048.0
2901653641,96.0,50.0,146.0,357.0,202.0,559.0
2901864730,67.0,204.0,271.0,336.0,0.0,336.0
2901878537,326.0,192.0,518.0,394.0,20.0,414.0
2902941522,2.0,2.0,4.0,24.0,16.0,40.0
2903936265,10.0,4.0,14.0,27.0,3.0,30.0
2904589458,2.0,11.0,13.0,25.0,0.0,25.0
2904873173,35.0,32.0,67.0,254.0,3.0,257.0
2905665785,683.0,400.0,1083.0,139.0,0.0,139.0
2905670458,100.0,19.0,119.0,252.0,29.0,281.0
2908717563,215.0,375.0,590.0,1040.0,203.0,1243.0
2908771855,27.0,30.0,57.0,338.0,91.0,429.0
2909061542,1324.0,733.0,2057.0,495.0,3.0,498.0
2909250747,89.0,51.0,140.0,41.0,0.0,41.0
2910104788,18.0,14.0,32.0,149.0,5.0,154.0
2911062935,3.0,2.0,5.0,26.0,4.0,30.0
2914109730,6.0,17.0,23.0,36.0,6.0,42.0
2914383409,2.0,504.0,506.0,105.0,3273.0,3378.0
2914441675,114.0,86.0,200.0,231.0,5.0,236.0
2914582204,563.0,164.0,727.0,176.0,18.0,194.0
2915185703,99.0,246.0,345.0,159.0,9.0,168.0
2915529501,177.0,191.0,368.0,569.0,0.0,569.0
2915784381,3.0,0.0,3.0,102.0,81.0,183.0
2916133951,61.0,1290.0,1351.0,3955.0,762.0,4717.0
2916249428,301.0,90.0,391.0,140.0,3.0,143.0
2918768296,13.0,8.0,21.0,542.0,601.0,1143.0
2918883142,321.0,298.0,619.0,641.0,133.0,774.0
2921025032,22.0,12.0,34.0,115.0,54.0,169.0
2922222268,28.0,18.0,46.0,14.0,22.0,36.0
2922692804,8.0,8.0,16.0,216.0,15.0,231.0
2923092745,2269.0,734.0,3003.0,627.0,45.0,672.0
2925922567,18.0,11.0,29.0,94.0,97.0,191.0
2926081100,66.0,67.0,133.0,157.0,106.0,263.0
2926624831,0.0,3.0,3.0,1.0,26.0,27.0
2929776273,0.0,2.0,2.0,1.0,13.0,14.0
2933172410,8.0,0.0,8.0,9.0,69.0,78.0
2933365044,10.0,2.0,12.0,33.0,64.0,97.0
2935908267,11.0,11.0,22.0,70.0,234.0,304.0
2936564545,822.0,1570.0,2392.0,639.0,36.0,675.0
2937600069,78.0,1.0,79.0,327.0,14.0,341.0
2939446083,207.0,244.0,451.0,4.0,76.0,80.0
2939616751,0.0,1.0,1.0,8.0,5.0,13.0
2940130568,97.0,124.0,221.0,114.0,8.0,122.0
2941522531,32.0,88.0,120.0,134.0,1.0,135.0
2944465921,418.0,239.0,657.0,148.0,5.0,153.0
2947870333,80.0,98.0,178.0,696.0,37.0,733.0
2949364196,416.0,0.0,416.0,53.0,2.0,55.0
2950203162,124.0,21.0,145.0,5.0,6.0,11.0
2950890865,9.0,6.0,15.0,48.0,0.0,48.0
2950922629,2.0,1.0,3.0,4.0,2.0,6.0
2951004653,5.0,2.0,7.0,37.0,1.0,38.0
2953630096,0.0,1.0,1.0,0.0,432.0,432.0
2954082475,7.0,8.0,15.0,99.0,43.0,142.0
2957668675,15.0,2.0,17.0,209.0,27.0,236.0
2957711260,3.0,2.0,5.0,63.0,20.0,83.0
2957949038,40.0,274.0,314.0,3.0,39.0,42.0
2958457158,1.0,12.0,13.0,168.0,28.0,196.0
2958489417,8.0,30.0,38.0,85.0,0.0,85.0
2958493011,90.0,77.0,167.0,72.0,63.0,135.0
2958497047,2.0,1.0,3.0,182.0,4.0,186.0
2958512815,11.0,41.0,52.0,132.0,5.0,137.0
2958517268,9.0,33.0,42.0,169.0,2.0,171.0
2958934747,8.0,27.0,35.0,257.0,0.0,257.0
2958966680,23.0,21.0,44.0,215.0,4.0,219.0
2959059531,2.0,2.0,4.0,54.0,9.0,63.0
2959767873,11.0,0.0,11.0,11.0,25.0,36.0
2961539509,1.0,1.0,2.0,71.0,57.0,128.0
2961862560,10.0,7.0,17.0,4.0,99.0,103.0
2962231435,3.0,0.0,3.0,5.0,0.0,5.0
2964017894,14.0,20.0,34.0,174.0,134.0,308.0
2965067470,2.0,5.0,7.0,17.0,1.0,18.0
2965816024,33.0,2.0,35.0,640.0,56.0,696.0
2965833400,85.0,66.0,151.0,449.0,134.0,583.0
2966838581,10.0,4.0,14.0,13.0,6.0,19.0
2967427975,78.0,33.0,111.0,34.0,0.0,34.0
2967656968,34.0,10.0,44.0,350.0,14.0,364.0
2970414990,143.0,326.0,469.0,524.0,1099.0,1623.0
2970771094,7.0,12.0,19.0,276.0,342.0,618.0
2970816838,3.0,22.0,25.0,21.0,106.0,127.0
2970817573,16.0,52.0,68.0,15.0,25.0,40.0
2970823147,53.0,407.0,460.0,1361.0,2748.0,4109.0
2970823319,3.0,33.0,36.0,6.0,5.0,11.0
2970824623,23.0,26.0,49.0,220.0,218.0,438.0
2970834010,3.0,121.0,124.0,36.0,47.0,83.0
2970843603,45.0,442.0,487.0,166.0,34.0,200.0
2971105707,3.0,304.0,307.0,171.0,215.0,386.0
2971108176,0.0,835.0,835.0,434.0,173.0,607.0
2971108706,53.0,29.0,82.0,52.0,311.0,363.0
2971117107,2.0,55.0,57.0,55.0,77.0,132.0
2971118506,233.0,204.0,437.0,325.0,417.0,742.0
2971120661,74.0,262.0,336.0,260.0,337.0,597.0
2972183405,12.0,1.0,13.0,145.0,3.0,148.0
2972319075,259.0,272.0,531.0,137.0,47.0,184.0
2972343163,156.0,140.0,296.0,335.0,38.0,373.0
2973011621,108.0,101.0,209.0,442.0,246.0,688.0
2973573072,6.0,3.0,9.0,4.0,1.0,5.0
2974666353,266.0,86.0,352.0,1310.0,146.0,1456.0
2974922148,6.0,6.0,12.0,267.0,279.0,546.0
2975829994,5.0,3.0,8.0,19.0,43.0,62.0
2975836797,4.0,45.0,49.0,97.0,57.0,154.0
2975842137,31.0,245.0,276.0,184.0,198.0,382.0
2976012580,4.0,4.0,8.0,254.0,60.0,314.0
2976106239,2227.0,600.0,2827.0,1268.0,0.0,1268.0
2976318527,1.0,1.0,2.0,82.0,2.0,84.0
2977356901,0.0,1.0,1.0,227.0,124.0,351.0
2977963095,132.0,31.0,163.0,178.0,62.0,240.0
2977988551,99.0,168.0,267.0,275.0,498.0,773.0
2978369777,1.0,1.0,2.0,113.0,108.0,221.0
2978702847,31.0,67.0,98.0,58.0,349.0,407.0
2978880129,437.0,1238.0,1675.0,273.0,155.0,428.0
2979146839,1.0,4.0,5.0,1.0,0.0,1.0
2979168546,6.0,14.0,20.0,25.0,14.0,39.0
2979615970,120.0,97.0,217.0,347.0,127.0,474.0
2979954710,3.0,3.0,6.0,669.0,438.0,1107.0
2980666816,8.0,4.0,12.0,12.0,1.0,13.0
2981016143,1.0,1.0,2.0,20.0,4.0,24.0
2981532949,355.0,266.0,621.0,1567.0,458.0,2025.0
2981675508,61.0,49.0,110.0,136.0,4.0,140.0
2981923119,19.0,23.0,42.0,84.0,18.0,102.0
2982400275,3.0,6.0,9.0,44.0,11.0,55.0
2982438384,0.0,6.0,6.0,62.0,21.0,83.0
2982621538,62.0,141.0,203.0,308.0,109.0,417.0
2983172226,1.0,5.0,6.0,1.0,1.0,2.0
2984591304,4.0,13.0,17.0,93.0,83.0,176.0
2984873610,13.0,82.0,95.0,1870.0,490.0,2360.0
2985471045,1666.0,197.0,1863.0,279.0,1590.0,1869.0
2988023874,124.0,91.0,215.0,216.0,0.0,216.0
2988314481,405.0,207.0,612.0,315.0,165.0,480.0
2988982716,5.0,4.0,9.0,4.0,5.0,9.0
2989023598,14.0,69.0,83.0,1.0,1.0,2.0
2989797052,765.0,958.0,1723.0,361.0,224.0,585.0
2990093713,5.0,9.0,14.0,502.0,76.0,578.0
2990261228,31.0,31.0,62.0,140.0,42.0,182.0
2990501630,0.0,5.0,5.0,5.0,13.0,18.0
2990679795,2.0,2.0,4.0,392.0,138.0,530.0
2991406336,0.0,17.0,17.0,25.0,4.0,29.0
2991480772,28.0,119.0,147.0,16.0,436.0,452.0
2993960739,10.0,1.0,11.0,17.0,1.0,18.0
2994031267,7.0,2.0,9.0,4.0,1.0,5.0
2994345609,147.0,153.0,300.0,167.0,87.0,254.0
2994679953,38.0,34.0,72.0,175.0,25.0,200.0
2994753750,1.0,1.0,2.0,57.0,25.0,82.0
2996701782,6.0,5.0,11.0,1.0,1.0,2.0
2997597213,19.0,40.0,59.0,572.0,423.0,995.0
2997640296,67.0,47.0,114.0,57.0,8.0,65.0
2997643146,1092.0,939.0,2031.0,14.0,12.0,26.0
2997700561,116.0,122.0,238.0,382.0,361.0,743.0
2999213690,84.0,62.0,146.0,372.0,201.0,573.0
2999274935,21.0,15.0,36.0,27.0,7.0,34.0
2999563616,6370.0,5046.0,11416.0,272.0,129.0,401.0
3001512474,37.0,7.0,44.0,59.0,2.0,61.0
3001680008,607.0,183.0,790.0,2071.0,113.0,2184.0
3003168258,2639.0,489.0,3128.0,283.0,183.0,466.0
3003577590,96.0,115.0,211.0,244.0,56.0,300.0
3004072776,388.0,50.0,438.0,93.0,62.0,155.0
3004992429,478.0,610.0,1088.0,35.0,197.0,232.0
3005079959,2.0,4.0,6.0,3.0,2.0,5.0
3005889757,231.0,68.0,299.0,56.0,0.0,56.0
3006259704,94.0,13.0,107.0,1.0,1.0,2.0
3006268507,18.0,46.0,64.0,11.0,9.0,20.0
3006630991,1.0,884.0,885.0,21.0,2688.0,2709.0
3007049461,1.0,1.0,2.0,14.0,3.0,17.0
3007061973,64.0,107.0,171.0,32.0,0.0,32.0
3007211626,45.0,51.0,96.0,154.0,69.0,223.0
3007216622,227.0,524.0,751.0,799.0,648.0,1447.0
3009041550,72.0,74.0,146.0,109.0,0.0,109.0
3009733355,114.0,133.0,247.0,661.0,0.0,661.0
3010545410,2061.0,902.0,2963.0,897.0,2055.0,2952.0
3011870485,3.0,2.0,5.0,21.0,19.0,40.0
3012304281,19.0,18.0,37.0,90.0,102.0,192.0
3013750996,165.0,132.0,297.0,34.0,9.0,43.0
3013775126,2389.0,244.0,2633.0,279.0,2207.0,2486.0
3013906937,5437.0,1086.0,6523.0,34.0,2217.0,2251.0
3014568993,1.0,1.0,2.0,63.0,24.0,87.0
3015369730,2.0,13.0,15.0,928.0,4613.0,5541.0
3015520806,2.0,82.0,84.0,102.0,0.0,102.0
3016803016,105.0,105.0,210.0,157.0,0.0,157.0
3016973539,76.0,40.0,116.0,124.0,1.0,125.0
3016974217,84.0,83.0,167.0,122.0,1.0,123.0
3016975870,13.0,95.0,108.0,122.0,2382.0,2504.0
3016978865,85.0,33.0,118.0,135.0,1.0,136.0
3017170831,68.0,78.0,146.0,132.0,10.0,142.0
3017188682,132.0,110.0,242.0,125.0,2.0,127.0
3017190357,0.0,43.0,43.0,152.0,936.0,1088.0
3018281148,45.0,51.0,96.0,199.0,95.0,294.0
3018285768,90.0,146.0,236.0,283.0,178.0,461.0
3018286070,44.0,64.0,108.0,144.0,95.0,239.0
3018823702,802.0,1020.0,1822.0,184.0,2095.0,2279.0
3018920231,69.0,14.0,83.0,5.0,2.0,7.0
3018945300,378.0,183.0,561.0,258.0,38.0,296.0
3019930533,71.0,17.0,88.0,105.0,1.0,106.0
3019933276,58.0,9.0,67.0,89.0,989.0,1078.0
3019935504,17.0,54.0,71.0,116.0,2586.0,2702.0
3019942035,45.0,0.0,45.0,1054.0,988.0,2042.0
3019944984,2647.0,63.0,2710.0,83.0,2585.0,2668.0
3019945406,2632.0,50.0,2682.0,109.0,2585.0,2694.0
3019947988,33.0,64.0,97.0,119.0,0.0,119.0
3019973626,93.0,14.0,107.0,87.0,1.0,88.0
3019997422,150.0,266.0,416.0,575.0,394.0,969.0
3019999747,61.0,17.0,78.0,92.0,1.0,93.0
3020000039,67.0,17.0,84.0,100.0,1.0,101.0
3021061661,335.0,352.0,687.0,1291.0,1255.0,2546.0
3021303840,98.0,99.0,197.0,134.0,75.0,209.0
3021303865,241.0,365.0,606.0,58.0,1219.0,1277.0
3021321434,173.0,438.0,611.0,150.0,52.0,202.0
3021332625,1.0,2.0,3.0,66.0,474.0,540.0
3021791613,143.0,2195.0,2338.0,185.0,773.0,958.0
3022021675,2.0,5.0,7.0,11.0,73.0,84.0
3022371582,13.0,16.0,29.0,1.0,1.0,2.0
3022535793,5.0,310.0,315.0,2.0,327.0,329.0
3022540649,1.0,3.0,4.0,58.0,221.0,279.0
3022543124,0.0,4.0,4.0,9.0,27.0,36.0
3022593895,320.0,631.0,951.0,195.0,566.0,761.0
3023193903,25.0,3.0,28.0,65.0,65.0,130.0
3023248867,169.0,169.0,338.0,240.0,111.0,351.0
3023723466,31.0,46.0,77.0,22.0,13.0,35.0
3024124229,157.0,95.0,252.0,202.0,187.0,389.0
3025434270,1351.0,1541.0,2892.0,85.0,95.0,180.0
3028848405,1.0,1.0,2.0,3.0,3.0,6.0
3029374639,198.0,148.0,346.0,183.0,41.0,224.0
3029881950,4.0,4.0,8.0,172.0,2.0,174.0
3030166725,24.0,2.0,26.0,124.0,24.0,148.0
3031718849,1.0,1.0,2.0,32.0,45.0,77.0
3031898942,0.0,2.0,2.0,220.0,289.0,509.0
3032149893,266.0,3.0,269.0,770.0,770.0,1540.0
3032813632,79.0,77.0,156.0,112.0,32.0,144.0
3034362032,32.0,38.0,70.0,1908.0,1900.0,3808.0
3034601138,19.0,20.0,39.0,76.0,55.0,131.0
3034754393,396.0,121.0,517.0,601.0,346.0,947.0
3034985868,96.0,30.0,126.0,401.0,226.0,627.0
3036314560,2.0,3.0,5.0,25.0,2.0,27.0
3036416301,5.0,3.0,8.0,3.0,1.0,4.0
3036590770,168.0,115.0,283.0,214.0,83.0,297.0
3037528207,1.0,1.0,2.0,5.0,5.0,10.0
3037591048,96.0,37.0,133.0,51.0,6.0,57.0
3038225278,78.0,9.0,87.0,27.0,0.0,27.0
3038284707,61.0,54.0,115.0,34.0,26.0,60.0
3038422233,200.0,188.0,388.0,45.0,6.0,51.0
3038639346,26.0,16.0,42.0,166.0,27.0,193.0
3039626070,186.0,150.0,336.0,176.0,90.0,266.0
3039645274,6.0,6.0,12.0,168.0,96.0,264.0
3040934363,1.0,1.0,2.0,518.0,120.0,638.0
3044855706,67.0,92.0,159.0,104.0,10.0,114.0
3046253270,126.0,92.0,218.0,67.0,10.0,77.0
3046275323,37.0,43.0,80.0,748.0,435.0,1183.0
3046401477,218.0,153.0,371.0,413.0,127.0,540.0
3046447638,3.0,2.0,5.0,4.0,0.0,4.0
3046541869,38.0,114.0,152.0,53.0,2.0,55.0
3046558981,560.0,179.0,739.0,50.0,0.0,50.0
3046897575,67.0,1.0,68.0,131.0,22.0,153.0
3046981078,1.0,1.0,2.0,1.0,1.0,2.0
3047232715,12.0,2.0,14.0,11.0,4.0,15.0
3047627084,6.0,12.0,18.0,343.0,99.0,442.0
3048837078,78.0,59.0,137.0,81.0,33.0,114.0
3048994775,11.0,12.0,23.0,138.0,19.0,157.0
3049325613,10.0,8.0,18.0,24.0,1.0,25.0
3049395641,8.0,1.0,9.0,21.0,12.0,33.0
3049889451,56.0,166.0,222.0,191.0,15.0,206.0
3050253115,110.0,146.0,256.0,253.0,93.0,346.0
3050346044,0.0,6.0,6.0,7.0,1.0,8.0
3050368691,59.0,133.0,192.0,147.0,68.0,215.0
3050423267,186.0,2134.0,2320.0,16.0,1117.0,1133.0
3050441892,88.0,115.0,203.0,312.0,272.0,584.0
3050463039,126.0,76.0,202.0,56.0,16.0,72.0
3050668847,66.0,87.0,153.0,807.0,430.0,1237.0
3052658316,5.0,3.0,8.0,72.0,2.0,74.0
3053938077,3.0,37.0,40.0,246.0,531.0,777.0
3055785853,162.0,77.0,239.0,203.0,181.0,384.0
3056134870,426.0,406.0,832.0,575.0,207.0,782.0
3057663648,636.0,278.0,914.0,869.0,613.0,1482.0
3057698280,5.0,7.0,12.0,172.0,30.0,202.0
3057714463,6.0,5.0,11.0,140.0,15.0,155.0
3057825906,8.0,8.0,16.0,52.0,8.0,60.0
3057846956,1.0,1.0,2.0,153.0,29.0,182.0
3057880405,87.0,159.0,246.0,662.0,340.0,1002.0
3058666010,88.0,32.0,120.0,156.0,42.0,198.0
3058782123,37.0,41.0,78.0,537.0,257.0,794.0
3059314389,27.0,25.0,52.0,36.0,17.0,53.0
3059861704,314.0,192.0,506.0,709.0,166.0,875.0
3060860792,19.0,19.0,38.0,1.0,1.0,2.0
3060998787,413.0,391.0,804.0,177.0,67.0,244.0
3061382481,8.0,23.0,31.0,48.0,16.0,64.0
3061751436,39.0,57.0,96.0,225.0,89.0,314.0
3065205042,201.0,138.0,339.0,79.0,25.0,104.0
3065582542,200.0,212.0,412.0,859.0,86.0,945.0
3065695363,978.0,453.0,1431.0,431.0,0.0,431.0
3066539323,19.0,21.0,40.0,23.0,4.0,27.0
3067433888,20.0,18.0,38.0,249.0,13.0,262.0
3067443431,25.0,12.0,37.0,171.0,146.0,317.0
3067474905,314.0,536.0,850.0,115.0,119.0,234.0
3067478872,22.0,8.0,30.0,68.0,12.0,80.0
3067501266,157.0,119.0,276.0,375.0,12.0,387.0
3067709444,79.0,99.0,178.0,113.0,8.0,121.0
3069585787,17.0,51.0,68.0,528.0,14.0,542.0
3069810383,24.0,24.0,48.0,31.0,3.0,34.0
3070390119,50.0,12.0,62.0,9.0,2.0,11.0
3070437813,2.0,2.0,4.0,36.0,16.0,52.0
3071234740,676.0,347.0,1023.0,1009.0,44.0,1053.0
3071302729,6.0,4.0,10.0,5.0,19.0,24.0
3071401333,1.0,135.0,136.0,1025.0,45.0,1070.0
3071548459,0.0,1.0,1.0,8.0,0.0,8.0
3071829832,148.0,85.0,233.0,835.0,170.0,1005.0
3071949137,2.0,3.0,5.0,66.0,21.0,87.0
3073606770,5.0,5.0,10.0,50.0,30.0,80.0
3073761198,6.0,6.0,12.0,9.0,0.0,9.0
3073821316,21.0,20.0,41.0,773.0,15.0,788.0
3074038581,5.0,5.0,10.0,135.0,5.0,140.0
3074099522,454.0,224.0,678.0,182.0,1.0,183.0
3074351366,334.0,371.0,705.0,276.0,134.0,410.0
3074647104,5.0,115.0,120.0,116.0,1.0,117.0
3074764483,302.0,160.0,462.0,143.0,17.0,160.0
3075036713,1.0,1.0,2.0,175.0,76.0,251.0
3075060544,11.0,8.0,19.0,29.0,2.0,31.0
3075074837,4.0,121.0,125.0,318.0,15.0,333.0
3075267356,5.0,5.0,10.0,25.0,26.0,51.0
3075291570,1284.0,485.0,1769.0,1471.0,407.0,1878.0
3075417840,58.0,65.0,123.0,452.0,75.0,527.0
3075456505,4.0,4.0,8.0,101.0,67.0,168.0
3075530757,93.0,122.0,215.0,405.0,0.0,405.0
3075799511,64.0,69.0,133.0,329.0,113.0,442.0
3076083247,13.0,11.0,24.0,306.0,127.0,433.0
3076114345,1.0,1.0,2.0,37.0,1.0,38.0
3076237105,25.0,29.0,54.0,93.0,76.0,169.0
3076300908,43.0,41.0,84.0,32.0,39.0,71.0
3076670977,1.0,1.0,2.0,44.0,8.0,52.0
3076685839,464.0,319.0,783.0,391.0,55.0,446.0
3076722865,2.0,2.0,4.0,22.0,15.0,37.0
3076780891,4526.0,2578.0,7104.0,30.0,2.0,32.0
3076981888,1.0,1.0,2.0,14.0,8.0,22.0
3077212751,494.0,774.0,1268.0,1635.0,49.0,1684.0
3077288177,153.0,92.0,245.0,21.0,1.0,22.0
3077383006,5.0,138.0,143.0,252.0,152.0,404.0
3077533825,97.0,159.0,256.0,330.0,13.0,343.0
3077668165,6.0,5.0,11.0,34.0,34.0,68.0
3077755202,2.0,7.0,9.0,20.0,2.0,22.0
3077764443,40.0,56.0,96.0,101.0,26.0,127.0
3077768704,1.0,1.0,2.0,16.0,16.0,32.0
3077823693,14.0,16.0,30.0,49.0,67.0,116.0
3077950268,5.0,5.0,10.0,18.0,1.0,19.0
3078444454,310.0,156.0,466.0,272.0,0.0,272.0
3078539871,20.0,13.0,33.0,338.0,134.0,472.0
3078777355,205.0,39.0,244.0,270.0,64.0,334.0
3078782339,3.0,1.0,4.0,129.0,47.0,176.0
3079632972,0.0,1.0,1.0,38.0,45.0,83.0
3080686694,0.0,29.0,29.0,39.0,3.0,42.0
3080769487,1.0,1.0,2.0,4.0,1.0,5.0
3080778269,0.0,2.0,2.0,0.0,155.0,155.0
3080913234,4.0,13.0,17.0,248.0,81.0,329.0
3080933474,128.0,172.0,300.0,412.0,76.0,488.0
3080936507,1452.0,1427.0,2879.0,1830.0,267.0,2097.0
3080948143,1.0,1.0,2.0,5.0,5.0,10.0
3080948680,152.0,127.0,279.0,2674.0,7.0,2681.0
3081082136,17.0,8.0,25.0,84.0,2.0,86.0
3081084190,0.0,1.0,1.0,147.0,1.0,148.0
3081226179,2.0,5.0,7.0,55.0,43.0,98.0
3081604370,65.0,42.0,107.0,868.0,1213.0,2081.0
3081606652,311.0,153.0,464.0,90.0,2.0,92.0
3081770176,24.0,138.0,162.0,151.0,234.0,385.0
3082070083,256.0,277.0,533.0,313.0,179.0,492.0
3082238634,140.0,92.0,232.0,60.0,11.0,71.0
3082320330,13.0,14.0,27.0,155.0,32.0,187.0
3082488751,522.0,255.0,777.0,797.0,44.0,841.0
3082660156,1.0,1.0,2.0,29.0,4.0,33.0
3082820826,21.0,38.0,59.0,478.0,325.0,803.0
3083186670,57.0,36.0,93.0,185.0,41.0,226.0
3083216022,864.0,540.0,1404.0,670.0,419.0,1089.0
3083467540,22.0,24.0,46.0,31.0,3.0,34.0
3083605655,182.0,228.0,410.0,91.0,1015.0,1106.0
3083806295,1.0,1.0,2.0,129.0,65.0,194.0
3083824602,18.0,40.0,58.0,96.0,0.0,96.0
3083842574,544.0,568.0,1112.0,714.0,405.0,1119.0
3083854650,686.0,7159.0,7845.0,8858.0,2241.0,11099.0
3084270017,306.0,691.0,997.0,318.0,1384.0,1702.0
3084414634,17.0,37.0,54.0,23.0,2.0,25.0
3084515450,9.0,35.0,44.0,333.0,8.0,341.0
3084550720,10.0,15.0,25.0,33.0,6.0,39.0
3084597647,36.0,20.0,56.0,449.0,49.0,498.0
3084600149,5.0,9.0,14.0,57.0,32.0,89.0
3084633214,136.0,57.0,193.0,232.0,43.0,275.0
3084778291,19.0,27.0,46.0,117.0,25.0,142.0
3084834780,8.0,67.0,75.0,7.0,261.0,268.0
3084853111,138.0,4.0,142.0,2.0,169.0,171.0
3084876668,1813.0,882.0,2695.0,809.0,810.0,1619.0
3085006980,1.0,17.0,18.0,4.0,33.0,37.0
3085398469,4.0,4.0,8.0,16.0,11.0,27.0
3086457034,3.0,2.0,5.0,48.0,24.0,72.0
3086723569,0.0,1.0,1.0,6.0,215.0,221.0
3086841851,4.0,354.0,358.0,360.0,1.0,361.0
3086930190,2506.0,809.0,3315.0,7758.0,41.0,7799.0
3087094895,27.0,736.0,763.0,1959.0,1776.0,3735.0
3087146252,316.0,177.0,493.0,538.0,269.0,807.0
3087251875,84.0,112.0,196.0,152.0,5.0,157.0
3087442273,5.0,0.0,5.0,478.0,315.0,793.0
3087761233,31.0,24.0,55.0,116.0,10.0,126.0
3088300682,2.0,0.0,2.0,17.0,9.0,26.0
3088304216,1875.0,433.0,2308.0,389.0,16.0,405.0
3088344241,90.0,71.0,161.0,153.0,11.0,164.0
3088550669,61.0,91.0,152.0,290.0,14.0,304.0
3088559123,24.0,83.0,107.0,183.0,327.0,510.0
3088564579,21.0,13.0,34.0,1192.0,386.0,1578.0
3088611576,124.0,974.0,1098.0,7566.0,1260.0,8826.0
3089142164,4.0,183.0,187.0,322.0,48.0,370.0
3090520685,123.0,106.0,229.0,384.0,98.0,482.0
3090570894,171.0,226.0,397.0,1191.0,436.0,1627.0
3090578689,40.0,65.0,105.0,294.0,184.0,478.0
3090593775,1116.0,899.0,2015.0,506.0,69.0,575.0
3090696772,66.0,109.0,175.0,236.0,0.0,236.0
3090861379,574.0,334.0,908.0,188.0,21.0,209.0
3091075597,7.0,22.0,29.0,37.0,0.0,37.0
3091332769,1087.0,224.0,1311.0,329.0,28.0,357.0
3091472541,1.0,1.0,2.0,1.0,1.0,2.0
3091617219,71.0,78.0,149.0,137.0,154.0,291.0
3091825094,5.0,5.0,10.0,42.0,2.0,44.0
3092041362,257.0,328.0,585.0,18.0,18.0,36.0
3092045675,0.0,2.0,2.0,62.0,15.0,77.0
3092119644,9.0,15.0,24.0,197.0,54.0,251.0
3093128376,7.0,7.0,14.0,26.0,21.0,47.0
3093146032,9.0,1.0,10.0,144.0,77.0,221.0
3093399248,4.0,4.0,8.0,130.0,17.0,147.0
3093657668,29.0,96.0,125.0,433.0,248.0,681.0
3093743553,5.0,14.0,19.0,174.0,59.0,233.0
3093997872,28.0,48.0,76.0,105.0,3.0,108.0
3093998097,45.0,38.0,83.0,45.0,22.0,67.0
3094039317,1.0,1.0,2.0,9.0,0.0,9.0
3094488685,32.0,22.0,54.0,3176.0,3210.0,6386.0
3094768992,1.0,1.0,2.0,976.0,28.0,1004.0
3094970604,4.0,2.0,6.0,10.0,8.0,18.0
3095076017,3.0,11.0,14.0,44.0,42.0,86.0
3095403215,49.0,45.0,94.0,126.0,57.0,183.0
3095409522,10.0,40.0,50.0,140.0,106.0,246.0
3095452673,132.0,131.0,263.0,231.0,190.0,421.0
3096094015,8.0,2.0,10.0,110.0,88.0,198.0
3096613645,68.0,198.0,266.0,737.0,353.0,1090.0
3097148026,24.0,5.0,29.0,69.0,51.0,120.0
3097760492,23.0,16.0,39.0,103.0,50.0,153.0
3098036858,6.0,1.0,7.0,27.0,9.0,36.0
3098053222,1086.0,5.0,1091.0,69.0,44.0,113.0
3098739033,56.0,71.0,127.0,200.0,58.0,258.0
3098938231,8.0,312.0,320.0,517.0,23.0,540.0
3099133512,1.0,1.0,2.0,122.0,12.0,134.0
3099187146,116.0,88.0,204.0,201.0,100.0,301.0
3099658013,566.0,402.0,968.0,1028.0,338.0,1366.0
3100097668,6.0,4.0,10.0,119.0,105.0,224.0
3100226241,11.0,12.0,23.0,156.0,58.0,214.0
3100264490,1242.0,2583.0,3825.0,1537.0,119.0,1656.0
3100461288,3.0,0.0,3.0,41.0,9.0,50.0
3100489026,4.0,2.0,6.0,20.0,14.0,34.0
3100694013,11.0,25.0,36.0,157.0,33.0,190.0
3100859823,13.0,47.0,60.0,191.0,43.0,234.0
3100886012,54.0,13.0,67.0,66.0,9.0,75.0
3101113699,0.0,1.0,1.0,27.0,27.0,54.0
3101311810,5.0,1.0,6.0,43.0,2873.0,2916.0
3101533148,83.0,85.0,168.0,3.0,80.0,83.0
3101568650,4.0,4.0,8.0,7.0,1.0,8.0
3101766096,4441.0,655.0,5096.0,2585.0,1662.0,4247.0
3102011997,20.0,20.0,40.0,64.0,64.0,128.0
3102019273,4.0,3.0,7.0,66.0,49.0,115.0
3102987892,9.0,21.0,30.0,38.0,23.0,61.0
3103416125,125.0,80.0,205.0,188.0,36.0,224.0
3103424264,14.0,22.0,36.0,217.0,35.0,252.0
3103476328,122.0,344.0,466.0,359.0,15.0,374.0
3103514385,37.0,57.0,94.0,104.0,16.0,120.0
3103634798,14.0,16.0,30.0,862.0,1052.0,1914.0
3103853435,1.0,1.0,2.0,16.0,4.0,20.0
3103888880,6.0,7.0,13.0,209.0,8.0,217.0
3103968651,6.0,14.0,20.0,191.0,14.0,205.0
3104087061,40.0,41.0,81.0,305.0,0.0,305.0
3104222519,59.0,49.0,108.0,33.0,0.0,33.0
3104442713,302.0,108.0,410.0,423.0,8.0,431.0
3104480641,180.0,0.0,180.0,73.0,8.0,81.0
3104484297,6.0,29.0,35.0,123.0,0.0,123.0
3104486019,20.0,24.0,44.0,267.0,0.0,267.0
3104487409,27.0,33.0,60.0,194.0,6.0,200.0
3104579063,2.0,1.0,3.0,20.0,20.0,40.0
3104789631,29.0,21.0,50.0,61.0,16.0,77.0
3104924529,5.0,6.0,11.0,61.0,6.0,67.0
3104999581,31.0,18.0,49.0,25.0,9.0,34.0
3105093317,5.0,1.0,6.0,230.0,57.0,287.0
3105161001,367.0,261.0,628.0,159.0,144.0,303.0
3105165239,2.0,2.0,4.0,362.0,119.0,481.0
3105321269,29.0,66.0,95.0,86.0,27.0,113.0
3105400292,4.0,4.0,8.0,65.0,40.0,105.0
3105430223,1023.0,904.0,1927.0,4769.0,422.0,5191.0
3105498307,9.0,47.0,56.0,81.0,0.0,81.0
3106112458,50.0,15.0,65.0,58.0,7.0,65.0
3106222021,278.0,187.0,465.0,150.0,18.0,168.0
3106326653,6.0,8.0,14.0,62.0,46.0,108.0
3106934710,405.0,275.0,680.0,912.0,495.0,1407.0
3107462147,159.0,38.0,197.0,37.0,3.0,40.0
3107864176,3.0,1.0,4.0,80.0,37.0,117.0
3108245528,2.0,2.0,4.0,25.0,2.0,27.0
3108908027,4.0,7.0,11.0,87.0,62.0,149.0
3109359968,52.0,24.0,76.0,234.0,60.0,294.0
3110511918,18.0,19.0,37.0,189.0,27.0,216.0
3111004624,24.0,24.0,48.0,7.0,6.0,13.0
3111046542,13.0,0.0,13.0,20.0,2.0,22.0
3111053489,52.0,59.0,111.0,20.0,54.0,74.0
3111511868,34.0,24.0,58.0,53.0,66.0,119.0
3111738668,2.0,2.0,4.0,2.0,2.0,4.0
3112246853,1.0,3.0,4.0,63.0,61.0,124.0
3112462308,10.0,10.0,20.0,83.0,108.0,191.0
3112899995,39.0,475.0,514.0,102.0,70.0,172.0
3113120635,0.0,1.0,1.0,44.0,4.0,48.0
3113146895,5.0,2.0,7.0,595.0,527.0,1122.0
3113149474,2.0,2.0,4.0,12.0,0.0,12.0
3113159496,6.0,11.0,17.0,632.0,561.0,1193.0
3113268020,6.0,6.0,12.0,268.0,114.0,382.0
3113332396,121.0,135.0,256.0,176.0,94.0,270.0
3113464020,12.0,391.0,403.0,88.0,88.0,176.0
3113874849,0.0,89.0,89.0,418.0,257.0,675.0
3114723483,41.0,32.0,73.0,443.0,457.0,900.0
3115078767,472.0,217.0,689.0,1257.0,148.0,1405.0
3115094997,2.0,1.0,3.0,3.0,3.0,6.0
3115733837,6.0,1.0,7.0,14.0,8.0,22.0
3115762277,446.0,481.0,927.0,1312.0,427.0,1739.0
3115906713,12.0,12.0,24.0,106.0,23.0,129.0
3116225832,4.0,8.0,12.0,40.0,2.0,42.0
3116442461,0.0,195.0,195.0,465.0,225.0,690.0
3116600521,1537.0,386.0,1923.0,8.0,3.0,11.0
3117158959,15.0,22.0,37.0,265.0,85.0,350.0
3117623976,12.0,26.0,38.0,43.0,8.0,51.0
3117811205,0.0,64.0,64.0,97.0,33.0,130.0
3117952456,1289.0,617.0,1906.0,516.0,32.0,548.0
3118533289,3.0,20.0,23.0,31.0,5.0,36.0
3118735492,11.0,11.0,22.0,191.0,134.0,325.0
3118884227,1181.0,540.0,1721.0,673.0,174.0,847.0
3118957301,8.0,8.0,16.0,56.0,65.0,121.0
3118960106,23.0,25.0,48.0,163.0,8.0,171.0
3119031442,1022.0,585.0,1607.0,713.0,6.0,719.0
3119335069,105.0,83.0,188.0,199.0,124.0,323.0
3119551493,98.0,85.0,183.0,58.0,152.0,210.0
3119640633,122.0,96.0,218.0,153.0,45.0,198.0
3119750112,46.0,0.0,46.0,523.0,280.0,803.0
3119857154,3.0,3.0,6.0,7.0,4.0,11.0
3119881464,25.0,0.0,25.0,12.0,1.0,13.0
3120681882,2.0,5.0,7.0,18.0,5.0,23.0
3120704042,29.0,31.0,60.0,244.0,118.0,362.0
3120854116,8.0,12.0,20.0,68.0,71.0,139.0
3121100911,1.0,4.0,5.0,4.0,1.0,5.0
3121105508,27.0,8.0,35.0,7.0,91.0,98.0
3121514867,241.0,4.0,245.0,57.0,3.0,60.0
3121787874,52.0,62.0,114.0,28.0,204.0,232.0
3122232574,31.0,40.0,71.0,29.0,0.0,29.0
3122564816,15.0,19.0,34.0,46.0,25.0,71.0
3122685221,4.0,4.0,8.0,72.0,19.0,91.0
3122792815,5.0,0.0,5.0,2.0,2.0,4.0
3123012893,320.0,19.0,339.0,483.0,1.0,484.0
3123117893,5.0,0.0,5.0,34.0,31.0,65.0
3123500242,5.0,0.0,5.0,10.0,10.0,20.0
3123526095,36.0,696.0,732.0,1089.0,257.0,1346.0
3123684653,5.0,4.0,9.0,17.0,18.0,35.0
3124026492,140.0,294.0,434.0,5311.0,3281.0,8592.0
3124293906,5.0,88.0,93.0,527.0,10.0,537.0
3124372773,27.0,5.0,32.0,140.0,4.0,144.0
3124419919,50.0,20.0,70.0,87.0,21.0,108.0
3124466173,75.0,26.0,101.0,1140.0,92.0,1232.0
3124493699,1324.0,1239.0,2563.0,1437.0,243.0,1680.0
3124605364,1.0,1.0,2.0,6.0,2.0,8.0
3124658074,50.0,5.0,55.0,28.0,0.0,28.0
3125029980,144.0,407.0,551.0,342.0,3.0,345.0
3125104127,20.0,24.0,44.0,177.0,48.0,225.0
3125308183,30.0,28.0,58.0,76.0,61.0,137.0
3125342174,9.0,1.0,10.0,1.0,1.0,2.0
3125458401,169.0,143.0,312.0,687.0,130.0,817.0
3125655207,2.0,2.0,4.0,6.0,0.0,6.0
3125744468,1.0,1.0,2.0,8.0,8.0,16.0
3125790678,19.0,25.0,44.0,141.0,14.0,155.0
3125838556,65.0,36.0,101.0,260.0,442.0,702.0
3126094423,1287.0,1278.0,2565.0,1430.0,9.0,1439.0
3126127102,366.0,368.0,734.0,1742.0,2365.0,4107.0
3126188326,2.0,1.0,3.0,1908.0,135.0,2043.0
3126249131,1.0,1.0,2.0,95.0,11.0,106.0
3126336730,215.0,134.0,349.0,203.0,208.0,411.0
3126374524,224.0,207.0,431.0,284.0,156.0,440.0
3126630055,46.0,10.0,56.0,52.0,15.0,67.0
3126647068,1337.0,692.0,2029.0,691.0,3.0,694.0
3127027840,1633.0,156.0,1789.0,384.0,21.0,405.0
3127070156,6.0,6.0,12.0,680.0,35.0,715.0
3127112794,3340.0,1336.0,4676.0,904.0,544.0,1448.0
3127174891,19.0,17.0,36.0,8.0,12.0,20.0
3127222871,5.0,10.0,15.0,88.0,10.0,98.0
3127231883,343.0,169.0,512.0,707.0,276.0,983.0
3127446785,8.0,1.0,9.0,1.0,0.0,1.0
3127552216,11.0,14.0,25.0,52.0,38.0,90.0
3127709223,11.0,1.0,12.0,54.0,1.0,55.0
3127930821,228.0,232.0,460.0,246.0,16.0,262.0
3128183116,445.0,130.0,575.0,4952.0,580.0,5532.0
3128285665,448.0,794.0,1242.0,572.0,0.0,572.0
3128713996,39.0,7.0,46.0,383.0,107.0,490.0
3129041184,1154.0,1126.0,2280.0,2169.0,1883.0,4052.0
3129054890,477.0,106.0,583.0,1648.0,2389.0,4037.0
3129171376,26.0,12.0,38.0,73.0,195.0,268.0
3129582804,15.0,2263.0,2278.0,2314.0,42.0,2356.0
3130705487,53.0,54.0,107.0,793.0,528.0,1321.0
3130792767,18.0,15.0,33.0,1244.0,427.0,1671.0
3131084965,1.0,1.0,2.0,7.0,2.0,9.0
3131329760,9.0,8.0,17.0,33.0,21.0,54.0
3131606520,23.0,12.0,35.0,39.0,7.0,46.0
3131698049,26.0,70.0,96.0,396.0,0.0,396.0
3131772678,20.0,14.0,34.0,35.0,10.0,45.0
3131807343,310.0,60.0,370.0,419.0,309.0,728.0
3131824435,458.0,75.0,533.0,671.0,197.0,868.0
3131854557,40.0,50.0,90.0,99.0,80.0,179.0
3131982797,10.0,11.0,21.0,620.0,56.0,676.0
3132147174,1.0,2.0,3.0,3.0,1.0,4.0
3132622672,4.0,0.0,4.0,1686.0,1018.0,2704.0
3132647605,509.0,638.0,1147.0,663.0,132.0,795.0
3132740864,173.0,90.0,263.0,3243.0,2495.0,5738.0
3132861512,1.0,1.0,2.0,9.0,1.0,10.0
3132888527,1.0,5.0,6.0,72.0,3.0,75.0
3133399556,1.0,1.0,2.0,28.0,1.0,29.0
3133771594,321.0,420.0,741.0,1451.0,709.0,2160.0
3133810693,83.0,9.0,92.0,9.0,6.0,15.0
3133836979,274.0,235.0,509.0,271.0,36.0,307.0
3133959095,112.0,30.0,142.0,2020.0,1988.0,4008.0
3133978465,59.0,41.0,100.0,312.0,15.0,327.0
3134092582,207.0,213.0,420.0,292.0,52.0,344.0
3134408661,7.0,8.0,15.0,233.0,202.0,435.0
3134532214,4.0,5.0,9.0,16.0,422.0,438.0
3134738309,5.0,0.0,5.0,159.0,33.0,192.0
3134836043,11.0,12.0,23.0,209.0,86.0,295.0
3134862968,3.0,1.0,4.0,43.0,34.0,77.0
3134925346,14.0,1.0,15.0,29.0,0.0,29.0
3134927763,2.0,2.0,4.0,21.0,3.0,24.0
3134961752,0.0,8.0,8.0,138.0,135.0,273.0
3135068930,1677.0,3449.0,5126.0,2907.0,216.0,3123.0
3135071104,17.0,24.0,41.0,89.0,6.0,95.0
3135078870,185.0,190.0,375.0,120.0,28.0,148.0
3135105448,3.0,4.0,7.0,35.0,0.0,35.0
3135169379,1215.0,1370.0,2585.0,1215.0,604.0,1819.0
3135221217,2.0,1.0,3.0,64.0,6.0,70.0
3135303315,5.0,6.0,11.0,152.0,54.0,206.0
3135308744,51.0,51.0,102.0,263.0,10.0,273.0
3135363020,28.0,29.0,57.0,61.0,24.0,85.0
3135538721,67.0,44.0,111.0,366.0,8.0,374.0
3135639537,27.0,273.0,300.0,421.0,69.0,490.0
3135957211,98.0,3.0,101.0,61.0,7.0,68.0
3136450775,581.0,287.0,868.0,39.0,24.0,63.0
3136594828,14.0,9.0,23.0,81.0,30.0,111.0
3136698219,1.0,1.0,2.0,4.0,2.0,6.0
3136925045,201.0,77.0,278.0,105.0,100.0,205.0
3137117830,24.0,34.0,58.0,135.0,21.0,156.0
3137374542,1506.0,300.0,1806.0,280.0,5.0,285.0
3137658330,201.0,171.0,372.0,1396.0,952.0,2348.0
3137713389,30.0,5.0,35.0,610.0,0.0,610.0
3137763172,193.0,6.0,199.0,472.0,198.0,670.0
3137781396,455.0,755.0,1210.0,631.0,173.0,804.0
3137830799,127.0,169.0,296.0,216.0,5.0,221.0
3138011645,2.0,0.0,2.0,98.0,0.0,98.0
3138021777,193.0,5.0,198.0,173.0,180.0,353.0
3138027382,27.0,0.0,27.0,2062.0,1022.0,3084.0
3138102792,11.0,2.0,13.0,5659.0,5573.0,11232.0
3138117853,168.0,316.0,484.0,1069.0,6.0,1075.0
3138133342,1.0,1.0,2.0,49.0,16.0,65.0
3138180288,84.0,6.0,90.0,184.0,172.0,356.0
3138223553,45.0,29.0,74.0,34.0,2.0,36.0
3138256165,90.0,115.0,205.0,82.0,13.0,95.0
3138362649,685.0,315.0,1000.0,1635.0,489.0,2124.0
3138439127,306.0,273.0,579.0,12881.0,9132.0,22013.0
3138499041,13183.0,6526.0,19709.0,1546.0,15.0,1561.0
3138534395,121.0,33.0,154.0,291.0,0.0,291.0
3138552824,536.0,352.0,888.0,153.0,36.0,189.0
3138797987,14.0,297.0,311.0,291.0,38.0,329.0
3139065611,28.0,6.0,34.0,24.0,29.0,53.0
3139315341,289.0,692.0,981.0,3356.0,663.0,4019.0
3139579722,64.0,54.0,118.0,370.0,48.0,418.0
3139980757,91.0,35.0,126.0,125.0,44.0,169.0
3140117936,10.0,8.0,18.0,478.0,10.0,488.0
3140182984,47.0,6.0,53.0,579.0,36.0,615.0
3140239245,134.0,102.0,236.0,82.0,50.0,132.0
3140333312,21.0,15.0,36.0,124.0,27.0,151.0
3140368155,4.0,4.0,8.0,69.0,1.0,70.0
3140666398,21.0,47.0,68.0,109.0,29.0,138.0
3140733815,47.0,36.0,83.0,119.0,85.0,204.0
3140903716,2.0,2.0,4.0,37.0,5.0,42.0
3141161571,34.0,44.0,78.0,45.0,12.0,57.0
3141230489,106.0,8.0,114.0,101.0,0.0,101.0
3141785922,1.0,0.0,1.0,144.0,39.0,183.0
3141802223,261.0,229.0,490.0,39.0,39.0,78.0
3141889094,11.0,7.0,18.0,255.0,161.0,416.0
3142539176,5.0,5.0,10.0,233.0,9.0,242.0
3142876413,145.0,42.0,187.0,424.0,56.0,480.0
3142906741,1.0,1.0,2.0,149.0,124.0,273.0
3142914272,8.0,4.0,12.0,228.0,0.0,228.0
3142965328,218.0,192.0,410.0,91.0,95.0,186.0
3143225191,46.0,58.0,104.0,64.0,33.0,97.0
3143462161,29.0,129.0,158.0,207.0,80.0,287.0
3143805151,87.0,87.0,174.0,1437.0,592.0,2029.0
3143883658,33.0,115.0,148.0,163.0,24.0,187.0
3143891800,1.0,1.0,2.0,11.0,5.0,16.0
3143968533,6.0,3.0,9.0,30.0,11.0,41.0
3144011143,2.0,30.0,32.0,55.0,947.0,1002.0
3144351823,17.0,17.0,34.0,459.0,180.0,639.0
3144364687,1.0,1.0,2.0,30.0,30.0,60.0
3144376744,1.0,1.0,2.0,2.0,1.0,3.0
3144410021,11.0,5.0,16.0,16.0,12.0,28.0
3144419667,95.0,98.0,193.0,115.0,2.0,117.0
3144466175,400.0,514.0,914.0,244.0,39.0,283.0
3144470664,24.0,112.0,136.0,132.0,2.0,134.0
3144610758,122.0,117.0,239.0,660.0,251.0,911.0
3144633626,0.0,264.0,264.0,277.0,3.0,280.0
3144633929,1.0,1.0,2.0,27.0,1.0,28.0
3144708564,7.0,7.0,14.0,34.0,3.0,37.0
3145321317,12.0,12.0,24.0,438.0,215.0,653.0
3145373517,0.0,125.0,125.0,211.0,2.0,213.0
3145684400,75.0,187.0,262.0,818.0,556.0,1374.0
3145777953,3.0,13.0,16.0,87.0,6.0,93.0
3146305288,4.0,4.0,8.0,136.0,146.0,282.0
3146310469,6.0,6.0,12.0,845.0,831.0,1676.0
3146561196,107.0,85.0,192.0,337.0,1.0,338.0
3146777686,7.0,15.0,22.0,1.0,1.0,2.0
3146900482,1.0,12.0,13.0,106.0,7.0,113.0
3146933358,27.0,21.0,48.0,16.0,0.0,16.0
3147261806,1006.0,849.0,1855.0,360.0,67.0,427.0
3147372193,26.0,49.0,75.0,16641.0,15700.0,32341.0
3147444643,64.0,50.0,114.0,93.0,6.0,99.0
3147552131,2.0,1.0,3.0,143.0,2.0,145.0
3147678267,2.0,2.0,4.0,21.0,3.0,24.0
3147680886,4.0,0.0,4.0,57.0,6.0,63.0
3147795708,437.0,101.0,538.0,424.0,52.0,476.0
3147883994,515.0,608.0,1123.0,294.0,0.0,294.0
3148005105,1.0,27.0,28.0,63.0,6.0,69.0
3148267777,4.0,3.0,7.0,714.0,510.0,1224.0
3148367585,1295.0,1267.0,2562.0,548.0,318.0,866.0
3148932692,547.0,448.0,995.0,781.0,441.0,1222.0
3149019667,107.0,68.0,175.0,341.0,48.0,389.0
3149104555,11.0,5.0,16.0,90.0,2.0,92.0
3149355129,160.0,0.0,160.0,408.0,0.0,408.0
3149554338,11.0,10.0,21.0,116.0,15.0,131.0
3149658861,5735.0,1449.0,7184.0,4768.0,7008.0,11776.0
3149988059,16.0,17.0,33.0,256.0,0.0,256.0
3150145768,3.0,2.0,5.0,58.0,13.0,71.0
3150188181,380.0,146.0,526.0,746.0,17.0,763.0
3150327302,58.0,40.0,98.0,1909.0,466.0,2375.0
3150425915,1.0,1.0,2.0,44.0,14.0,58.0
3150510293,43.0,36.0,79.0,89.0,35.0,124.0
3150623138,0.0,2.0,2.0,2.0,190.0,192.0
3150662401,361.0,863.0,1224.0,1194.0,276.0,1470.0
3150709470,196.0,214.0,410.0,86.0,34.0,120.0
3150761777,0.0,1.0,1.0,10.0,935.0,945.0
3150971698,852.0,683.0,1535.0,565.0,8.0,573.0
3151210646,0.0,1.0,1.0,53.0,2.0,55.0
3151211971,72.0,91.0,163.0,1463.0,383.0,1846.0
3151219647,512.0,122.0,634.0,336.0,138.0,474.0
3151249906,85.0,55.0,140.0,206.0,71.0,277.0
3151417796,80.0,32.0,112.0,17.0,11.0,28.0
3151566859,67.0,94.0,161.0,434.0,517.0,951.0
3151614876,614.0,1773.0,2387.0,898.0,0.0,898.0
3151697572,75.0,56.0,131.0,187.0,15.0,202.0
3151984235,8.0,12.0,20.0,5.0,421.0,426.0
3151985497,65.0,248.0,313.0,633.0,25.0,658.0
3152145544,193.0,9.0,202.0,24.0,24.0,48.0
3152203458,1236.0,913.0,2149.0,17369.0,11.0,17380.0
3152229058,5.0,6.0,11.0,37.0,1.0,38.0
3152317896,135.0,119.0,254.0,529.0,10.0,539.0
3152485982,648.0,443.0,1091.0,359.0,128.0,487.0
3152602811,206.0,325.0,531.0,591.0,55.0,646.0
3152681524,9.0,147.0,156.0,237.0,19.0,256.0
3152700757,10.0,10.0,20.0,681.0,7.0,688.0
3152775367,13.0,20.0,33.0,114.0,35.0,149.0
3152880462,10.0,41.0,51.0,263.0,57.0,320.0
3153101093,469.0,297.0,766.0,348.0,187.0,535.0
3153252322,10.0,6.0,16.0,53.0,19.0,72.0
3153308695,545.0,497.0,1042.0,701.0,19.0,720.0
3153314282,26.0,84.0,110.0,147.0,1.0,148.0
3153692689,36.0,6.0,42.0,124.0,5.0,129.0
3153705827,1.0,1.0,2.0,16.0,1.0,17.0
3153752896,110.0,86.0,196.0,27.0,14.0,41.0
3153963452,36.0,222.0,258.0,148.0,90.0,238.0
3154088521,16.0,15.0,31.0,111.0,171.0,282.0
3154096278,147.0,0.0,147.0,593.0,8.0,601.0
3154337602,1.0,1.0,2.0,25.0,2.0,27.0
3154630091,6.0,18.0,24.0,145.0,15.0,160.0
3154662508,4771.0,116.0,4887.0,308.0,118.0,426.0
3154699305,23.0,19.0,42.0,515.0,12.0,527.0
3154752026,1.0,0.0,1.0,18.0,19.0,37.0
3154760858,1.0,2.0,3.0,161.0,29.0,190.0
3154921524,9.0,76.0,85.0,89.0,0.0,89.0
3154952530,1.0,1.0,2.0,7.0,4.0,11.0
3154970783,784.0,1193.0,1977.0,359.0,140.0,499.0
3155033567,1607.0,599.0,2206.0,3235.0,4085.0,7320.0
3155084033,274.0,558.0,832.0,1479.0,453.0,1932.0
3155182285,640.0,305.0,945.0,721.0,3.0,724.0
3155516121,108.0,76.0,184.0,94.0,0.0,94.0
3155519663,0.0,36.0,36.0,72.0,35.0,107.0
3155665858,37.0,24.0,61.0,543.0,555.0,1098.0
3155686734,1.0,1.0,2.0,28.0,23.0,51.0
3155797488,16.0,82.0,98.0,236.0,10.0,246.0
3156345426,45.0,25.0,70.0,184.0,10.0,194.0
3156457181,382.0,144.0,526.0,865.0,176.0,1041.0
3156664492,0.0,3.0,3.0,4.0,1.0,5.0
3156674038,13.0,107.0,120.0,351.0,1.0,352.0
3156695913,189.0,148.0,337.0,785.0,226.0,1011.0
3156775134,3183.0,46.0,3229.0,43.0,7.0,50.0
3157341086,133.0,42.0,175.0,9.0,9.0,18.0
3157386612,49.0,84.0,133.0,403.0,341.0,744.0
3157601632,1.0,1.0,2.0,51.0,2.0,53.0
3157816556,10.0,4.0,14.0,251.0,169.0,420.0
3157844465,231.0,107.0,338.0,6817.0,6639.0,13456.0
3157938220,9.0,8.0,17.0,11.0,2.0,13.0
3157958459,116.0,58.0,174.0,676.0,399.0,1075.0
3157968978,6.0,7.0,13.0,217.0,71.0,288.0
3158038793,0.0,1.0,1.0,136.0,66.0,202.0
3158079001,917.0,762.0,1679.0,814.0,23.0,837.0
3158136553,0.0,1.0,1.0,6.0,52.0,58.0
3158287475,217.0,199.0,416.0,854.0,850.0,1704.0
3158433932,4.0,4.0,8.0,86.0,34.0,120.0
3158599292,85.0,49.0,134.0,421.0,115.0,536.0
3158602889,41.0,33.0,74.0,225.0,131.0,356.0
3158655778,3.0,9.0,12.0,248.0,6.0,254.0
3158683531,106.0,48.0,154.0,136.0,51.0,187.0
3158819982,1605.0,377.0,1982.0,702.0,101.0,803.0
3158983348,20.0,21.0,41.0,336.0,292.0,628.0
3159002770,2.0,1.0,3.0,4.0,2.0,6.0
3159511012,2100.0,1309.0,3409.0,1168.0,62.0,1230.0
3159591262,83.0,1.0,84.0,510.0,358.0,868.0
3159745301,70.0,68.0,138.0,102.0,101.0,203.0
3159821039,456.0,428.0,884.0,461.0,0.0,461.0
3160145946,50.0,37.0,87.0,144.0,29.0,173.0
3160615563,35.0,7.0,42.0,89.0,47.0,136.0
3160636839,0.0,1.0,1.0,10.0,16.0,26.0
3160647911,1190.0,850.0,2040.0,799.0,167.0,966.0
3161114956,6.0,4.0,10.0,96.0,153.0,249.0
3161337304,11.0,8.0,19.0,43.0,17.0,60.0
3161355858,910.0,621.0,1531.0,4616.0,236.0,4852.0
3161379535,11.0,11.0,22.0,245.0,141.0,386.0
3161413967,9.0,25.0,34.0,43.0,16.0,59.0
3161437023,1.0,1.0,2.0,29.0,1.0,30.0
3161638137,3082.0,712.0,3794.0,858.0,341.0,1199.0
3161731684,10.0,8.0,18.0,69.0,53.0,122.0
3161958337,1.0,1.0,2.0,2.0,2.0,4.0
3162019565,0.0,81.0,81.0,88.0,7.0,95.0
3163213567,4.0,4.0,8.0,35.0,12.0,47.0
3163386327,5.0,6.0,11.0,7.0,4.0,11.0
3163779556,7.0,7.0,14.0,49.0,17.0,66.0
3163870590,0.0,1.0,1.0,111.0,72.0,183.0
3163875884,1.0,3.0,4.0,11.0,6.0,17.0
3164194207,28.0,24.0,52.0,169.0,0.0,169.0
3164250713,25264.0,17709.0,42973.0,1846.0,15.0,1861.0
3164349433,45.0,619.0,664.0,239.0,37.0,276.0
3164364090,73.0,78.0,151.0,79.0,0.0,79.0
3164475250,0.0,3.0,3.0,4.0,0.0,4.0
3164567685,6.0,1.0,7.0,847.0,369.0,1216.0
3164572018,11.0,14.0,25.0,417.0,136.0,553.0
3164618584,45.0,48.0,93.0,70.0,3.0,73.0
3164891884,415.0,355.0,770.0,566.0,35.0,601.0
3165060364,52.0,37.0,89.0,8888.0,2.0,8890.0
3165176791,6847.0,3242.0,10089.0,2727.0,2153.0,4880.0
3165202236,143.0,289.0,432.0,146.0,109.0,255.0
3165207176,4.0,2.0,6.0,7.0,7.0,14.0
3165225343,6.0,5.0,11.0,7.0,2.0,9.0
3165441797,3.0,5.0,8.0,18.0,1.0,19.0
3165750951,2971.0,144.0,3115.0,429.0,233.0,662.0
3165803170,11.0,18.0,29.0,255.0,60.0,315.0
3165818046,2.0,14.0,16.0,29.0,17.0,46.0
3166030819,1.0,113.0,114.0,221.0,4.0,225.0
3166187066,6.0,21.0,27.0,173.0,56.0,229.0
3166199077,194.0,62.0,256.0,2871.0,5.0,2876.0
3166296043,1.0,1.0,2.0,3.0,3.0,6.0
3166454125,35.0,47.0,82.0,137.0,9.0,146.0
3166521009,2.0,2.0,4.0,893.0,686.0,1579.0
3166694938,2777.0,806.0,3583.0,8.0,0.0,8.0
3167395087,0.0,1.0,1.0,332.0,265.0,597.0
3167787322,50.0,39.0,89.0,1.0,0.0,1.0
3167963514,46.0,33.0,79.0,192.0,437.0,629.0
3168274624,2.0,2.0,4.0,1.0,22.0,23.0
3168487570,430.0,118.0,548.0,323.0,69.0,392.0
3168705723,173.0,188.0,361.0,137.0,5.0,142.0
3168726032,16.0,20.0,36.0,92.0,0.0,92.0
3168732581,31.0,50.0,81.0,104.0,0.0,104.0
3168889284,145.0,134.0,279.0,254.0,162.0,416.0
3168922203,1.0,1.0,2.0,159.0,181.0,340.0
3169097473,3.0,9.0,12.0,54.0,19.0,73.0
3169431198,20.0,16.0,36.0,7.0,4.0,11.0
3169739023,1.0,1.0,2.0,280.0,264.0,544.0
3169803882,1.0,1.0,2.0,1.0,4.0,5.0
3169935211,198.0,45.0,243.0,136.0,54.0,190.0
3170054434,3.0,1.0,4.0,630.0,191.0,821.0
3170254418,192.0,156.0,348.0,156.0,0.0,156.0
3170864491,6.0,5.0,11.0,115.0,2.0,117.0
3171069351,0.0,2.0,2.0,15.0,2.0,17.0
3171113463,6022.0,2214.0,8236.0,3170.0,2305.0,5475.0
3171213092,19.0,17.0,36.0,578.0,70.0,648.0
3171286213,25.0,39.0,64.0,302.0,213.0,515.0
3171708235,5.0,12.0,17.0,26.0,2.0,28.0
3171715437,2356.0,982.0,3338.0,898.0,198.0,1096.0
3171750360,113.0,842.0,955.0,1602.0,120.0,1722.0
3171819372,84.0,80.0,164.0,534.0,7.0,541.0
3171852682,37.0,168.0,205.0,569.0,238.0,807.0
3171931827,249.0,756.0,1005.0,131.0,460.0,591.0
3172607599,6.0,0.0,6.0,32.0,8.0,40.0
3172647828,15.0,5.0,20.0,132.0,12.0,144.0
3172651928,0.0,1.0,1.0,6.0,1.0,7.0
3172675579,1.0,1.0,2.0,5.0,2.0,7.0
3173099223,32.0,38.0,70.0,26.0,10.0,36.0
3173252523,6.0,15.0,21.0,60.0,12.0,72.0
3173664115,111.0,0.0,111.0,805.0,1.0,806.0
3173685747,0.0,147.0,147.0,173.0,9.0,182.0
3173744299,37.0,38.0,75.0,59.0,4.0,63.0
3173843128,9.0,1.0,10.0,120.0,120.0,240.0
3173971926,64.0,59.0,123.0,130.0,87.0,217.0
3174268903,181.0,136.0,317.0,656.0,110.0,766.0
3174281934,19.0,50.0,69.0,292.0,20.0,312.0
3174512200,35.0,47.0,82.0,510.0,253.0,763.0
3174571388,3.0,1.0,4.0,3.0,2.0,5.0
3174572670,21.0,5.0,26.0,5.0,1.0,6.0
3174654401,1115.0,1135.0,2250.0,108.0,108.0,216.0
3175034433,1.0,1.0,2.0,189.0,178.0,367.0
3175041273,312.0,159.0,471.0,1555.0,21.0,1576.0
3175055324,24.0,17.0,41.0,61.0,18.0,79.0
3175061420,85.0,20.0,105.0,813.0,0.0,813.0
3175269971,198.0,84.0,282.0,47.0,4.0,51.0
3175535650,34.0,53.0,87.0,82.0,12.0,94.0
3176132312,95.0,120.0,215.0,340.0,311.0,651.0
3176262635,38.0,24.0,62.0,200.0,43.0,243.0
3176325245,6.0,27.0,33.0,63.0,0.0,63.0
3176443941,7.0,7.0,14.0,146.0,37.0,183.0
3176708032,26.0,26.0,52.0,32.0,0.0,32.0
3176926598,40.0,32.0,72.0,124.0,51.0,175.0
3177256068,22.0,379.0,401.0,627.0,263.0,890.0
3177258847,10.0,16.0,26.0,48.0,3.0,51.0
3177500762,12596.0,2351.0,14947.0,20237.0,470.0,20707.0
3177654490,13.0,52.0,65.0,63.0,493.0,556.0
3179148644,0.0,17.0,17.0,20.0,0.0,20.0
3179388883,30.0,63.0,93.0,135.0,26.0,161.0
3179515957,2.0,14.0,16.0,337.0,232.0,569.0
3179729495,2903.0,375.0,3278.0,10844.0,1070.0,11914.0
3179782246,24.0,5.0,29.0,19582.0,19498.0,39080.0
3179795816,604.0,127.0,731.0,509.0,331.0,840.0
3180007991,9.0,26.0,35.0,345.0,234.0,579.0
3180025177,204.0,89.0,293.0,103.0,1.0,104.0
3180198385,4.0,4.0,8.0,80.0,80.0,160.0
3180240926,0.0,17.0,17.0,44.0,0.0,44.0
3180429834,1150.0,1149.0,2299.0,913.0,2313.0,3226.0
3180452959,2116.0,1414.0,3530.0,1243.0,150.0,1393.0
3180594900,7.0,8.0,15.0,269.0,197.0,466.0
3180628082,4.0,2.0,6.0,247.0,243.0,490.0
3181043136,1.0,1.0,2.0,742.0,137.0,879.0
3181152111,8.0,3.0,11.0,51.0,2.0,53.0
3181506569,294.0,29.0,323.0,12676.0,477.0,13153.0
3182060500,36.0,232.0,268.0,320.0,3.0,323.0
3182061205,1658.0,1640.0,3298.0,1295.0,24.0,1319.0
3182150653,494.0,151.0,645.0,760.0,301.0,1061.0
3182466609,18.0,149.0,167.0,20.0,405.0,425.0
3182767311,30.0,41.0,71.0,615.0,132.0,747.0
3183341186,6.0,5.0,11.0,307.0,206.0,513.0
3183430843,2.0,30.0,32.0,401.0,156.0,557.0
3183445350,8.0,16.0,24.0,47.0,0.0,47.0
3183673331,1.0,2.0,3.0,5.0,1.0,6.0
3183823976,187.0,117.0,304.0,369.0,102.0,471.0
3183936442,107.0,62.0,169.0,1211.0,138.0,1349.0
3184110162,66.0,86.0,152.0,122.0,22.0,144.0
3184337854,179.0,204.0,383.0,11.0,3.0,14.0
3184407666,506.0,175.0,681.0,280.0,388.0,668.0
3184434153,688.0,658.0,1346.0,1173.0,184.0,1357.0
3184590998,33.0,112.0,145.0,190.0,82.0,272.0
3184725856,5.0,4.0,9.0,1.0,7.0,8.0
3184846271,12.0,60.0,72.0,469.0,59.0,528.0
3184850059,6.0,0.0,6.0,696.0,558.0,1254.0
3184979418,122.0,86.0,208.0,1111.0,86.0,1197.0
3185225851,4.0,4.0,8.0,90.0,90.0,180.0
3185272057,26.0,26.0,52.0,162.0,54.0,216.0
3185381113,133.0,116.0,249.0,742.0,585.0,1327.0
3185453311,2.0,54.0,56.0,55.0,0.0,55.0
3185504393,36.0,40.0,76.0,92.0,2.0,94.0
3185509791,38.0,289.0,327.0,343.0,7.0,350.0
3185626931,76.0,39.0,115.0,182.0,136.0,318.0
3186218830,68.0,15.0,83.0,32.0,17.0,49.0
3186280686,7.0,6.0,13.0,223.0,312.0,535.0
3186281968,127.0,129.0,256.0,663.0,332.0,995.0
3186564845,1.0,1.0,2.0,227.0,19.0,246.0
3187312401,31.0,21.0,52.0,391.0,253.0,644.0
3187808523,3.0,19.0,22.0,8.0,240.0,248.0
3187810707,4.0,0.0,4.0,12.0,204.0,216.0
3188628049,3.0,11.0,14.0,24.0,9.0,33.0
3188697837,363.0,422.0,785.0,1546.0,941.0,2487.0
3188718099,14.0,14.0,28.0,63.0,5.0,68.0
3188765592,2.0,8.0,10.0,8.0,167.0,175.0
3188772752,7.0,46.0,53.0,122.0,34.0,156.0
3188777808,3.0,39.0,42.0,54.0,16.0,70.0
3188858394,1975.0,80.0,2055.0,112.0,50.0,162.0
3188865855,5616.0,1598.0,7214.0,807.0,1.0,808.0
3189058318,389.0,499.0,888.0,2092.0,0.0,2092.0
3189091502,927.0,1047.0,1974.0,261.0,254.0,515.0
3189256349,0.0,1.0,1.0,1.0,8.0,9.0
3189270676,5.0,4.0,9.0,47.0,0.0,47.0
3189320448,10.0,12.0,22.0,11.0,0.0,11.0
3189507528,1685.0,166.0,1851.0,807.0,45.0,852.0
3189562608,2925.0,2954.0,5879.0,3212.0,3040.0,6252.0
3189657312,0.0,1.0,1.0,370.0,109.0,479.0
3189765757,7.0,0.0,7.0,21.0,21.0,42.0
3189842687,2.0,0.0,2.0,127.0,2.0,129.0
3189891999,4462.0,380.0,4842.0,2990.0,3552.0,6542.0
3189898546,1.0,1.0,2.0,120.0,107.0,227.0
3190006754,1761.0,80.0,1841.0,2154.0,2.0,2156.0
3190039936,9.0,5.0,14.0,6.0,0.0,6.0
3190059446,1789.0,1249.0,3038.0,1279.0,203.0,1482.0
3190159928,644.0,198.0,842.0,717.0,198.0,915.0
3190291382,9.0,9.0,18.0,123.0,162.0,285.0
3190348430,2316.0,2065.0,4381.0,1618.0,20.0,1638.0
3190612638,4.0,1.0,5.0,1301.0,1248.0,2549.0
3191190245,73.0,90.0,163.0,164.0,143.0,307.0
3191419062,679.0,367.0,1046.0,1048.0,381.0,1429.0
3191875426,114.0,329.0,443.0,316.0,84.0,400.0
3191900498,169.0,335.0,504.0,832.0,165.0,997.0
3192193289,20.0,15.0,35.0,239.0,222.0,461.0
3192232871,16.0,23.0,39.0,33.0,6.0,39.0
3192252952,1.0,0.0,1.0,3.0,0.0,3.0
3192259406,128.0,125.0,253.0,1168.0,53.0,1221.0
3192327842,1.0,510.0,511.0,941.0,38.0,979.0
3192536220,72.0,56.0,128.0,47.0,12.0,59.0
3192545670,557.0,52.0,609.0,10.0,5.0,15.0
3192728541,1797.0,1101.0,2898.0,1195.0,818.0,2013.0
3192813466,39.0,49.0,88.0,66.0,11.0,77.0
3192915419,704.0,253.0,957.0,322.0,318.0,640.0
3193018695,0.0,1.0,1.0,86.0,49.0,135.0
3193101857,2.0,6.0,8.0,133.0,3.0,136.0
3193198936,89.0,56.0,145.0,1946.0,213.0,2159.0
3193205122,56.0,4.0,60.0,929.0,2.0,931.0
3193322434,102.0,433.0,535.0,460.0,38.0,498.0
3193344742,9.0,0.0,9.0,165.0,119.0,284.0
3193524394,1046.0,995.0,2041.0,1679.0,654.0,2333.0
3193527516,1857.0,1114.0,2971.0,5992.0,1689.0,7681.0
3193705340,111.0,11.0,122.0,41.0,21.0,62.0
3193705585,12.0,68.0,80.0,58.0,2.0,60.0
3193713791,3.0,5.0,8.0,77.0,1.0,78.0
3193888615,26.0,48.0,74.0,92.0,46.0,138.0
3193985099,435.0,379.0,814.0,203.0,71.0,274.0
3194014636,12.0,34.0,46.0,35.0,2.0,37.0
3194027866,65.0,1.0,66.0,1657.0,2.0,1659.0
3194058647,197.0,288.0,485.0,621.0,159.0,780.0
3194135600,63.0,146.0,209.0,254.0,6.0,260.0
3194269192,1.0,2.0,3.0,133.0,125.0,258.0
3194288310,1.0,1.0,2.0,4.0,16.0,20.0
3194300634,32.0,15.0,47.0,10.0,0.0,10.0
3194326319,5.0,0.0,5.0,293.0,51.0,344.0
3194549869,0.0,4.0,4.0,82.0,71.0,153.0
3194631752,3.0,1.0,4.0,46.0,4.0,50.0
3195083800,1.0,1.0,2.0,4.0,2.0,6.0
3195198993,2.0,2.0,4.0,13.0,13.0,26.0
3195214066,3.0,5.0,8.0,196.0,194.0,390.0
3195397667,0.0,129.0,129.0,136.0,7.0,143.0
3195465753,5.0,6.0,11.0,37.0,42.0,79.0
3195541807,16.0,25.0,41.0,1634.0,740.0,2374.0
3195544033,252.0,29.0,281.0,19.0,262.0,281.0
3195738163,27.0,23.0,50.0,25.0,23.0,48.0
3195801570,110.0,95.0,205.0,57.0,31.0,88.0
3195938530,3396.0,1819.0,5215.0,6035.0,636.0,6671.0
3195951369,6.0,20.0,26.0,65.0,10.0,75.0
3196190395,5.0,0.0,5.0,8.0,5.0,13.0
3196295632,34.0,59.0,93.0,224.0,216.0,440.0
3196479981,413.0,74.0,487.0,134.0,5.0,139.0
3196736429,8.0,3.0,11.0,371.0,184.0,555.0
3196903441,78.0,24.0,102.0,13.0,13.0,26.0
3196952174,1.0,1.0,2.0,324.0,74.0,398.0
3197149473,0.0,1.0,1.0,2.0,4.0,6.0
3197164048,543.0,662.0,1205.0,566.0,379.0,945.0
3197264721,2.0,2.0,4.0,5.0,3.0,8.0
3197502999,1.0,46.0,47.0,42.0,7.0,49.0
3197765608,22.0,34.0,56.0,73.0,8.0,81.0
3197771632,1.0,1.0,2.0,412.0,62.0,474.0
3197795537,474.0,339.0,813.0,565.0,95.0,660.0
3198011555,2.0,1.0,3.0,2149.0,2127.0,4276.0
3198212974,1.0,2.0,3.0,3.0,1.0,4.0
3198244189,49.0,16.0,65.0,1152.0,1130.0,2282.0
3198273572,151.0,133.0,284.0,2150.0,0.0,2150.0
3198276833,3.0,4.0,7.0,4.0,1.0,5.0
3198309782,4.0,7.0,11.0,4.0,3.0,7.0
3198393576,4.0,4.0,8.0,73.0,4.0,77.0
3198495652,3.0,15.0,18.0,6774.0,3876.0,10650.0
3198539313,56.0,4.0,60.0,26.0,6.0,32.0
3198657500,52.0,35.0,87.0,86.0,14.0,100.0
3198732250,14.0,16.0,30.0,170.0,143.0,313.0
3199027461,672.0,31.0,703.0,789.0,266.0,1055.0
3199040436,2.0,3.0,5.0,7.0,1.0,8.0
3199050485,40.0,37.0,77.0,255.0,151.0,406.0
3199112507,74.0,371.0,445.0,1021.0,45.0,1066.0
3199161790,16.0,11.0,27.0,37.0,16.0,53.0
3199210885,186.0,135.0,321.0,648.0,361.0,1009.0
3199246505,141.0,126.0,267.0,44.0,17.0,61.0
3199269207,1.0,1.0,2.0,9.0,2.0,11.0
3199291372,1054.0,233.0,1287.0,4.0,3.0,7.0
3199564335,614.0,294.0,908.0,159.0,14.0,173.0
3199588219,5.0,0.0,5.0,5.0,3.0,8.0
3199623142,34.0,34.0,68.0,738.0,1.0,739.0
3199830965,181.0,195.0,376.0,224.0,7.0,231.0
3199868370,4.0,6.0,10.0,329.0,211.0,540.0
3199870832,0.0,1.0,1.0,161.0,16.0,177.0
3199882677,19.0,15.0,34.0,44.0,39.0,83.0
3199905484,4.0,8.0,12.0,156.0,34.0,190.0
3199914066,598.0,357.0,955.0,304.0,111.0,415.0
3200041097,63.0,511.0,574.0,582.0,265.0,847.0
3200090989,5.0,5.0,10.0,5.0,4.0,9.0
3200159199,11.0,1.0,12.0,6.0,2.0,8.0
3200233643,13.0,6.0,19.0,17.0,13.0,30.0
3200450814,1.0,70.0,71.0,78.0,1.0,79.0
3200535343,35.0,10.0,45.0,253.0,229.0,482.0
3200615668,52.0,87.0,139.0,138.0,1.0,139.0
3200632117,822.0,631.0,1453.0,2706.0,871.0,3577.0
3200632529,7.0,28.0,35.0,96.0,96.0,192.0
3200680511,856.0,545.0,1401.0,183.0,51.0,234.0
3200704522,3.0,1.0,4.0,30.0,1.0,31.0
3200773137,31.0,16.0,47.0,41.0,28.0,69.0
3200801681,79.0,64.0,143.0,114.0,0.0,114.0
3200836668,1.0,1.0,2.0,971.0,815.0,1786.0
3200861193,5.0,0.0,5.0,14.0,8.0,22.0
3200914224,3.0,12.0,15.0,3937.0,2746.0,6683.0
3200961570,24.0,13.0,37.0,221.0,83.0,304.0
3201019692,191.0,43.0,234.0,151.0,20.0,171.0
3201126255,34.0,16.0,50.0,1812.0,1426.0,3238.0
3201388775,1587.0,4042.0,5629.0,3744.0,309.0,4053.0
3201407554,204.0,109.0,313.0,2916.0,2361.0,5277.0
3201615275,36.0,39.0,75.0,73.0,77.0,150.0
3201684625,0.0,39.0,39.0,91.0,8.0,99.0
3201826831,0.0,3.0,3.0,316.0,132.0,448.0
3202135682,9.0,8.0,17.0,15.0,10.0,25.0
3202678038,36.0,15.0,51.0,180.0,29.0,209.0
3202730929,2.0,2.0,4.0,93.0,4.0,97.0
3202851217,147.0,103.0,250.0,945.0,40.0,985.0
3203075612,1.0,1.0,2.0,982.0,971.0,1953.0
3203097519,0.0,1.0,1.0,493.0,203.0,696.0
3203187912,192.0,643.0,835.0,2168.0,612.0,2780.0
3203204775,9.0,2.0,11.0,29.0,20.0,49.0
3203376500,55.0,1490.0,1545.0,4433.0,2878.0,7311.0
3203378613,31.0,130.0,161.0,120.0,738.0,858.0
3203387779,15.0,8.0,23.0,878.0,6.0,884.0
3203419343,17.0,30.0,47.0,971.0,650.0,1621.0
3203515928,7.0,6.0,13.0,207.0,227.0,434.0
3203547623,0.0,3.0,3.0,49.0,4.0,53.0
3203682664,16.0,11.0,27.0,189.0,52.0,241.0
3203682901,149.0,150.0,299.0,231.0,32.0,263.0
3203773126,1.0,1.0,2.0,25.0,1.0,26.0
3203773216,81.0,20.0,101.0,39.0,10.0,49.0
3203786184,1.0,1.0,2.0,688.0,240.0,928.0
3204214012,4.0,10.0,14.0,30.0,4.0,34.0
3204252101,1379.0,1441.0,2820.0,1421.0,0.0,1421.0
3204403099,2.0,1.0,3.0,1.0,1.0,2.0
3204645193,35.0,6.0,41.0,171.0,52.0,223.0
3204701804,8.0,2.0,10.0,39.0,12.0,51.0
3204714993,875.0,834.0,1709.0,1261.0,976.0,2237.0
3204784695,13.0,20.0,33.0,1.0,1.0,2.0
3205042667,25.0,8.0,33.0,200.0,38.0,238.0
3205771814,22.0,22.0,44.0,31.0,9.0,40.0
3205835339,743.0,14.0,757.0,209.0,3.0,212.0
3205873874,302.0,275.0,577.0,664.0,829.0,1493.0
3205879151,648.0,441.0,1089.0,466.0,0.0,466.0
3206168836,277.0,143.0,420.0,237.0,46.0,283.0
3206197492,126.0,9.0,135.0,78.0,116.0,194.0
3206203957,5.0,7.0,12.0,75.0,90.0,165.0
3206335904,4.0,7.0,11.0,62.0,28.0,90.0
3206464379,39.0,39.0,78.0,23.0,19.0,42.0
3206789297,39.0,8.0,47.0,3.0,1.0,4.0
3206831441,1.0,1.0,2.0,202.0,13.0,215.0
3206984257,243.0,238.0,481.0,1488.0,0.0,1488.0
3207042909,573.0,139.0,712.0,263.0,279.0,542.0
3207044337,1727.0,1372.0,3099.0,80.0,70.0,150.0
3207062310,17.0,12.0,29.0,198.0,164.0,362.0
3207062392,242.0,317.0,559.0,522.0,298.0,820.0
3207062741,2422.0,93.0,2515.0,107.0,83.0,190.0
3207069168,1260.0,466.0,1726.0,89.0,1784.0,1873.0
3207071991,1.0,1.0,2.0,195.0,188.0,383.0
3207082361,237.0,511.0,748.0,765.0,0.0,765.0
3207286828,331.0,667.0,998.0,807.0,248.0,1055.0
3207309274,73.0,0.0,73.0,22.0,0.0,22.0
3207311747,69.0,69.0,138.0,75.0,5.0,80.0
3207348309,1.0,0.0,1.0,115.0,64.0,179.0
3207665528,452.0,66.0,518.0,1482.0,53.0,1535.0
3207786186,72.0,174.0,246.0,211.0,20.0,231.0
3207947406,4.0,0.0,4.0,101.0,83.0,184.0
3208009671,15.0,17.0,32.0,62.0,19.0,81.0
3208545473,8.0,67.0,75.0,131.0,20.0,151.0
3208559377,162.0,48.0,210.0,469.0,802.0,1271.0
3208672912,200.0,185.0,385.0,131.0,26.0,157.0
3208736303,6.0,6.0,12.0,148.0,39.0,187.0
3208946277,60.0,53.0,113.0,24.0,10.0,34.0
3209226572,22.0,7.0,29.0,2822.0,0.0,2822.0
3209242078,36.0,34.0,70.0,5.0,2.0,7.0
3209290574,73.0,20.0,93.0,182.0,52.0,234.0
3209338958,6.0,2.0,8.0,5.0,2.0,7.0
3209371330,38.0,26.0,64.0,118.0,47.0,165.0
3209378291,7.0,7.0,14.0,249.0,193.0,442.0
3209432582,337.0,313.0,650.0,251.0,163.0,414.0
3209445091,74.0,22.0,96.0,439.0,194.0,633.0
3209551629,90.0,124.0,214.0,164.0,176.0,340.0
3209628373,18.0,14.0,32.0,142.0,54.0,196.0
3209660072,1.0,10.0,11.0,93.0,62.0,155.0
3209695297,41.0,31.0,72.0,108.0,218.0,326.0
3209727238,2.0,2.0,4.0,56.0,49.0,105.0
3209765314,323.0,249.0,572.0,239.0,4.0,243.0
3209954297,6.0,6.0,12.0,103.0,96.0,199.0
3210037675,8.0,8.0,16.0,78.0,98.0,176.0
3210120746,594.0,186.0,780.0,480.0,44.0,524.0
3210123455,573.0,101.0,674.0,1125.0,528.0,1653.0
3210172444,8.0,2.0,10.0,63.0,10.0,73.0
3210268722,550.0,499.0,1049.0,1948.0,677.0,2625.0
3210633319,2.0,2.0,4.0,17.0,3.0,20.0
3210892176,501.0,560.0,1061.0,1319.0,38.0,1357.0
3210898758,0.0,3.0,3.0,151.0,34.0,185.0
3211122981,39.0,98.0,137.0,291.0,233.0,524.0
3211580457,357.0,256.0,613.0,121.0,12.0,133.0
3211931262,37.0,27.0,64.0,122.0,5.0,127.0
3211948604,7.0,7.0,14.0,91.0,47.0,138.0
3212315483,333.0,160.0,493.0,297.0,57.0,354.0
3212389407,261.0,195.0,456.0,83.0,26.0,109.0
3212422037,27.0,22.0,49.0,56.0,0.0,56.0
3212546999,1.0,1.0,2.0,4.0,0.0,4.0
3212617082,377.0,504.0,881.0,246.0,34.0,280.0
3212624274,178.0,136.0,314.0,387.0,6.0,393.0
3212745068,65.0,90.0,155.0,75.0,0.0,75.0
3212856580,285.0,370.0,655.0,802.0,468.0,1270.0
3212880394,3.0,3.0,6.0,223.0,8.0,231.0
3212978749,2.0,2.0,4.0,217.0,205.0,422.0
3213063461,12.0,1.0,13.0,13.0,2.0,15.0
3213092067,52.0,55.0,107.0,331.0,10.0,341.0
3213229671,114.0,109.0,223.0,290.0,117.0,407.0
3213437986,5.0,3.0,8.0,60.0,5.0,65.0
3213779460,1441.0,783.0,2224.0,442.0,4.0,446.0
3213817178,1.0,1.0,2.0,2.0,0.0,2.0
3213985860,203.0,8.0,211.0,12.0,2.0,14.0
3214122373,0.0,1.0,1.0,622.0,318.0,940.0
3214127213,20.0,50.0,70.0,253.0,139.0,392.0
3214130284,77.0,80.0,157.0,283.0,71.0,354.0
3214543609,447.0,3117.0,3564.0,3527.0,35.0,3562.0
3214724259,1012.0,339.0,1351.0,1.0,1.0,2.0
3214811092,13.0,11.0,24.0,138.0,141.0,279.0
3214842792,0.0,12.0,12.0,227.0,152.0,379.0
3214876564,227.0,36.0,263.0,104.0,16.0,120.0
3215027063,42.0,52.0,94.0,629.0,238.0,867.0
3215171790,0.0,1.0,1.0,1.0,3.0,4.0
3215303795,599.0,508.0,1107.0,192.0,6.0,198.0
3215483455,7.0,158.0,165.0,162.0,3.0,165.0
3215670862,743.0,983.0,1726.0,2095.0,700.0,2795.0
3215817850,4.0,2.0,6.0,1.0,1.0,2.0
3215868710,7.0,0.0,7.0,41.0,0.0,41.0
3215891130,19.0,20.0,39.0,139.0,23.0,162.0
3215898746,31.0,29.0,60.0,289.0,183.0,472.0
3216135866,701.0,1228.0,1929.0,1516.0,48.0,1564.0
3216251590,1.0,0.0,1.0,78.0,68.0,146.0
3216289477,48.0,33.0,81.0,445.0,388.0,833.0
3216426710,8.0,5.0,13.0,191.0,64.0,255.0
3216449716,368.0,0.0,368.0,20.0,0.0,20.0
3216501010,15.0,36.0,51.0,65.0,18.0,83.0
3216541433,13.0,15.0,28.0,104.0,2.0,106.0
3216648354,117.0,221.0,338.0,259.0,154.0,413.0
3216681123,22.0,27.0,49.0,529.0,308.0,837.0
3216819371,101.0,108.0,209.0,123.0,115.0,238.0
3216830327,11.0,4.0,15.0,431.0,4.0,435.0
3217042074,135.0,107.0,242.0,97.0,21.0,118.0
3217705114,512.0,14318.0,14830.0,14813.0,24.0,14837.0
3217974398,1.0,4.0,5.0,21.0,9.0,30.0
3218001320,3.0,392.0,395.0,252.0,147.0,399.0
3218166330,4.0,6.0,10.0,50.0,3.0,53.0
3218897775,9.0,4.0,13.0,2.0,2.0,4.0
3218953118,117.0,851.0,968.0,1251.0,445.0,1696.0
3218984690,1.0,1.0,2.0,26.0,11.0,37.0
3219037880,4.0,5.0,9.0,174.0,145.0,319.0
3219161389,6.0,6.0,12.0,79.0,49.0,128.0
3219254404,138.0,123.0,261.0,176.0,151.0,327.0
3219279897,2.0,2.0,4.0,2.0,2.0,4.0
3219282636,5.0,150.0,155.0,154.0,1.0,155.0
3219342467,187.0,195.0,382.0,96.0,93.0,189.0
3219404295,40.0,10.0,50.0,122.0,23.0,145.0
3219521968,350.0,274.0,624.0,850.0,257.0,1107.0
3219557811,5054.0,4731.0,9785.0,48.0,48.0,96.0
3219588511,14.0,14.0,28.0,126.0,93.0,219.0
3219667345,36.0,288.0,324.0,300.0,1.0,301.0
3219844115,6.0,6.0,12.0,118.0,82.0,200.0
3219880512,13977.0,4202.0,18179.0,2180.0,741.0,2921.0
3220023158,0.0,6.0,6.0,11579.0,0.0,11579.0
3220160518,203.0,57.0,260.0,517.0,1.0,518.0
3220223180,44.0,98.0,142.0,206.0,49.0,255.0
3220699146,2.0,2.0,4.0,71.0,21.0,92.0
3220799500,371.0,498.0,869.0,307.0,229.0,536.0
3221365376,98.0,54.0,152.0,8.0,8.0,16.0
3221387455,3.0,1.0,4.0,2.0,2.0,4.0
3221541004,33.0,88.0,121.0,219.0,111.0,330.0
3221613034,567.0,571.0,1138.0,3303.0,22.0,3325.0
3221696975,9.0,10.0,19.0,175.0,88.0,263.0
3221803659,2.0,0.0,2.0,11.0,0.0,11.0
3221817196,1.0,10.0,11.0,216.0,31.0,247.0
3221817850,102.0,103.0,205.0,240.0,112.0,352.0
3221925890,2.0,2.0,4.0,113.0,35.0,148.0
3221926992,40.0,31.0,71.0,254.0,80.0,334.0
3221937633,143.0,287.0,430.0,284.0,3.0,287.0
3221941191,126.0,70.0,196.0,95.0,151.0,246.0
3222212955,11.0,16.0,27.0,55.0,15.0,70.0
3222235753,10.0,5.0,15.0,4.0,3.0,7.0
3222377513,162.0,45.0,207.0,103.0,17.0,120.0
3222480219,2.0,1.0,3.0,89.0,80.0,169.0
3222565138,17.0,21.0,38.0,74.0,1.0,75.0
3222599276,120.0,120.0,240.0,166.0,43.0,209.0
3222639652,36.0,114.0,150.0,123.0,11.0,134.0
3222680745,314.0,266.0,580.0,169.0,20.0,189.0
3222727964,1787.0,4690.0,6477.0,5597.0,682.0,6279.0
3222755095,120.0,266.0,386.0,782.0,22.0,804.0
3223161592,1.0,1.0,2.0,3.0,3.0,6.0
3223181995,3.0,4.0,7.0,63.0,64.0,127.0
3223289542,0.0,54.0,54.0,35.0,14.0,49.0
3223299299,11.0,3.0,14.0,1.0,1.0,2.0
3223342785,1.0,1.0,2.0,29.0,8.0,37.0
3223375972,2.0,2.0,4.0,7.0,1.0,8.0
3223461985,8.0,8.0,16.0,987.0,444.0,1431.0
3223526987,96.0,47.0,143.0,215.0,2.0,217.0
3223643354,21.0,8.0,29.0,141.0,68.0,209.0
3223709587,162.0,208.0,370.0,751.0,489.0,1240.0
3223746466,5.0,6.0,11.0,167.0,87.0,254.0
3223799281,4.0,2.0,6.0,11.0,5.0,16.0
3224004468,0.0,88.0,88.0,186.0,98.0,284.0
3224542009,1.0,1.0,2.0,567.0,280.0,847.0
3224697505,194.0,182.0,376.0,62.0,3.0,65.0
3224819412,0.0,17.0,17.0,141.0,18.0,159.0
3225087415,31.0,22.0,53.0,615.0,169.0,784.0
3225182056,355.0,96.0,451.0,210.0,1.0,211.0
3225540340,157.0,133.0,290.0,559.0,224.0,783.0
3225560842,126.0,318.0,444.0,42.0,1.0,43.0
3225566092,3.0,8.0,11.0,27.0,1.0,28.0
3225582129,4.0,28.0,32.0,161.0,97.0,258.0
3225638345,362.0,215.0,577.0,704.0,78.0,782.0
3225725945,790.0,368.0,1158.0,546.0,168.0,714.0
3225967826,0.0,1.0,1.0,284.0,220.0,504.0
3226005840,2.0,30.0,32.0,3.0,4.0,7.0
3226056235,53.0,92.0,145.0,1399.0,127.0,1526.0
3226091042,1.0,1.0,2.0,231.0,92.0,323.0
3226145369,1652.0,905.0,2557.0,11.0,5.0,16.0
3226265972,2184.0,1184.0,3368.0,4779.0,4759.0,9538.0
3226305866,6.0,0.0,6.0,31.0,26.0,57.0
3226522393,2.0,3.0,5.0,145.0,138.0,283.0
3226556821,317.0,414.0,731.0,1333.0,377.0,1710.0
3226645641,2190.0,1779.0,3969.0,2842.0,25.0,2867.0
3226665537,174.0,148.0,322.0,378.0,55.0,433.0
3226748763,1.0,2.0,3.0,587.0,0.0,587.0
3226749053,100.0,13.0,113.0,423.0,0.0,423.0
3226749167,51.0,12.0,63.0,280.0,0.0,280.0
3226808853,4.0,12.0,16.0,44.0,3.0,47.0
3227055314,85.0,418.0,503.0,428.0,0.0,428.0
3227205708,0.0,1.0,1.0,202.0,130.0,332.0
3227311781,50.0,27.0,77.0,233.0,77.0,310.0
3227441495,135.0,76.0,211.0,391.0,177.0,568.0
3227497381,868.0,1355.0,2223.0,1283.0,285.0,1568.0
3227679772,6.0,4.0,10.0,142.0,4.0,146.0
3227863242,8.0,10.0,18.0,99.0,18.0,117.0
3227866239,327.0,95.0,422.0,411.0,268.0,679.0
3227867582,5.0,5.0,10.0,22.0,1.0,23.0
3227964990,198.0,145.0,343.0,56.0,7.0,63.0
3228266614,18.0,93.0,111.0,110.0,1.0,111.0
3228390000,7.0,5.0,12.0,438.0,33.0,471.0
3228424652,6.0,2.0,8.0,9.0,4.0,13.0
3228984917,166.0,69.0,235.0,1875.0,1869.0,3744.0
3229096395,3528.0,2057.0,5585.0,394.0,206.0,600.0
3229168756,18.0,0.0,18.0,5.0,5.0,10.0
3229415342,1.0,0.0,1.0,439.0,278.0,717.0
3229430451,8.0,8.0,16.0,19.0,2.0,21.0
3229516571,37.0,41.0,78.0,30.0,0.0,30.0
3229550409,38.0,12.0,50.0,18.0,12.0,30.0
3229687873,1.0,8.0,9.0,504.0,0.0,504.0
3229710961,31.0,452.0,483.0,206.0,2472.0,2678.0
3229727541,1.0,1.0,2.0,24.0,5.0,29.0
3229753028,0.0,1.0,1.0,8.0,2.0,10.0
3230019193,1.0,1.0,2.0,83.0,41.0,124.0
3230307499,5.0,0.0,5.0,102.0,13.0,115.0
3230414759,244.0,37.0,281.0,681.0,0.0,681.0
3230458023,1199.0,314.0,1513.0,675.0,1.0,676.0
3230508229,3.0,3.0,6.0,2.0,2.0,4.0
3230537108,542.0,939.0,1481.0,978.0,350.0,1328.0
3230537798,1779.0,430.0,2209.0,1319.0,1.0,1320.0
3230759504,8.0,9.0,17.0,410.0,228.0,638.0
3230937121,8.0,8.0,16.0,969.0,510.0,1479.0
3231939415,402.0,33.0,435.0,109.0,62.0,171.0
3232086545,197.0,241.0,438.0,313.0,43.0,356.0
3232357145,28.0,27.0,55.0,263.0,15.0,278.0
3232435672,80.0,67.0,147.0,80.0,9.0,89.0
3232438793,0.0,15.0,15.0,30.0,14.0,44.0
3232539895,1.0,1.0,2.0,18.0,17.0,35.0
3232585648,59.0,86.0,145.0,131.0,9.0,140.0
3232670129,3.0,2.0,5.0,185.0,9.0,194.0
3232691904,578.0,891.0,1469.0,887.0,108.0,995.0
3232802201,18.0,17.0,35.0,371.0,95.0,466.0
3232947002,19.0,2.0,21.0,35.0,28.0,63.0
3232980564,2452.0,0.0,2452.0,64.0,2.0,66.0
3233086533,1.0,4.0,5.0,8.0,0.0,8.0
3233175153,1.0,1.0,2.0,49.0,17.0,66.0
3233495429,763.0,98.0,861.0,8.0,3.0,11.0
3233770846,0.0,153.0,153.0,205.0,10.0,215.0
3233855622,1408.0,583.0,1991.0,1556.0,942.0,2498.0
3234052393,25.0,2.0,27.0,865.0,12.0,877.0
3234152217,314.0,180.0,494.0,415.0,228.0,643.0
3234226080,512.0,405.0,917.0,298.0,108.0,406.0
3234526044,177.0,162.0,339.0,151.0,11.0,162.0
3234558200,3.0,3.0,6.0,475.0,53.0,528.0
3234559389,38.0,13.0,51.0,719.0,14.0,733.0
3234773539,1.0,2.0,3.0,35.0,9.0,44.0
3234804067,1.0,1.0,2.0,32.0,11.0,43.0
3234835900,22.0,681.0,703.0,879.0,11.0,890.0
3234862868,70.0,61.0,131.0,321.0,0.0,321.0
3235010382,58.0,51.0,109.0,995.0,6.0,1001.0
3235036061,277.0,227.0,504.0,113.0,7.0,120.0
3235103212,92.0,67.0,159.0,395.0,66.0,461.0
3235213901,8.0,8.0,16.0,132.0,38.0,170.0
3235347485,39.0,47.0,86.0,390.0,285.0,675.0
3235606428,388.0,253.0,641.0,413.0,196.0,609.0
3235624540,28.0,24.0,52.0,24.0,0.0,24.0
3235847706,25.0,0.0,25.0,3.0,0.0,3.0
3236162443,3.0,3.0,6.0,375.0,316.0,691.0
3236292101,2.0,2.0,4.0,9.0,0.0,9.0
3236293441,30.0,99.0,129.0,190.0,73.0,263.0
3236369998,2.0,2.0,4.0,79.0,3.0,82.0
3236528961,24.0,9.0,33.0,242.0,146.0,388.0
3236959707,82.0,104.0,186.0,993.0,452.0,1445.0
3237929957,32.0,35.0,67.0,9.0,0.0,9.0
3238012390,291.0,117.0,408.0,43.0,17.0,60.0
3238046925,1363.0,509.0,1872.0,410.0,1607.0,2017.0
3238146970,4.0,4.0,8.0,16.0,17.0,33.0
3238286660,2.0,8.0,10.0,4.0,2.0,6.0
3238383944,1072.0,472.0,1544.0,664.0,420.0,1084.0
3238659253,2.0,2.0,4.0,388.0,334.0,722.0
3239311333,2.0,2.0,4.0,2074.0,5.0,2079.0
3239583079,6.0,6.0,12.0,553.0,57.0,610.0
3239718018,126.0,115.0,241.0,364.0,134.0,498.0
3239813524,37.0,31.0,68.0,9.0,14.0,23.0
3239840445,134.0,122.0,256.0,52.0,20.0,72.0
3240293802,2.0,2.0,4.0,71.0,0.0,71.0
3240378102,3.0,3.0,6.0,27.0,1.0,28.0
3240378214,1.0,1.0,2.0,47.0,54.0,101.0
3241336803,460.0,289.0,749.0,1466.0,1069.0,2535.0
3241472881,5402.0,1814.0,7216.0,14.0,6.0,20.0
3241527624,18.0,8.0,26.0,72.0,2.0,74.0
3241545126,82.0,5.0,87.0,489.0,1.0,490.0
3241546085,18.0,4.0,22.0,11.0,11.0,22.0
3241570199,12.0,11.0,23.0,698.0,232.0,930.0
3241695455,125.0,148.0,273.0,294.0,282.0,576.0
3241734959,930.0,961.0,1891.0,633.0,188.0,821.0
3241810861,62.0,134.0,196.0,206.0,61.0,267.0
3241890972,261.0,228.0,489.0,207.0,144.0,351.0
3241986884,153.0,52.0,205.0,637.0,30.0,667.0
3242008869,213.0,47.0,260.0,126.0,75.0,201.0
3242425051,50.0,85.0,135.0,77.0,0.0,77.0
3242974102,5.0,3.0,8.0,8.0,0.0,8.0
3242974861,3.0,56.0,59.0,75.0,6.0,81.0
3243017418,751.0,572.0,1323.0,58.0,2.0,60.0
3243753455,196.0,244.0,440.0,301.0,14.0,315.0
3244343726,2.0,2.0,4.0,112.0,61.0,173.0
3244348773,228.0,26.0,254.0,143.0,4.0,147.0
3244478374,317.0,32.0,349.0,168.0,1.0,169.0
3244614754,104.0,639.0,743.0,999.0,134.0,1133.0
3244776763,197.0,430.0,627.0,578.0,0.0,578.0
3244837986,704.0,211.0,915.0,322.0,41.0,363.0
3244840307,46.0,48.0,94.0,1119.0,397.0,1516.0
3244842922,53.0,13.0,66.0,38.0,1.0,39.0
3244848585,669.0,112.0,781.0,134.0,55.0,189.0
3244866747,1452.0,1344.0,2796.0,301.0,194.0,495.0
3244901827,711.0,912.0,1623.0,819.0,384.0,1203.0
3244974554,54.0,45.0,99.0,198.0,2.0,200.0
3244989711,553.0,692.0,1245.0,241.0,19.0,260.0
3245011006,1569.0,1.0,1570.0,861.0,293.0,1154.0
3245032324,37.0,22.0,59.0,131.0,0.0,131.0
3245369952,101.0,102.0,203.0,272.0,175.0,447.0
3245408233,0.0,108.0,108.0,493.0,16.0,509.0
3245424562,227.0,664.0,891.0,38.0,38.0,76.0
3245632375,319.0,144.0,463.0,80.0,33.0,113.0
3245668511,5.0,0.0,5.0,2.0,2.0,4.0
3246180908,29.0,23.0,52.0,75.0,8.0,83.0
3246334136,1.0,1.0,2.0,1.0,0.0,1.0
3246366800,6.0,1.0,7.0,310.0,12.0,322.0
3246453941,246.0,95.0,341.0,170.0,34.0,204.0
3246516750,485.0,288.0,773.0,193.0,33.0,226.0
3246642343,811.0,308.0,1119.0,136.0,401.0,537.0
3246684833,6.0,1.0,7.0,770.0,350.0,1120.0
3246973819,500.0,452.0,952.0,363.0,111.0,474.0
3246982201,49.0,0.0,49.0,198.0,90.0,288.0
3246999732,21.0,1.0,22.0,537.0,46.0,583.0
3247580756,45.0,39.0,84.0,838.0,7.0,845.0
3247637424,147.0,84.0,231.0,1576.0,571.0,2147.0
3247661050,947.0,689.0,1636.0,108.0,34.0,142.0
3247869356,8.0,5.0,13.0,182.0,180.0,362.0
3248492032,71.0,46.0,117.0,340.0,64.0,404.0
3248668849,27.0,120.0,147.0,337.0,29.0,366.0
3248888118,11.0,71.0,82.0,103.0,38.0,141.0
3248956761,1.0,1.0,2.0,44.0,19.0,63.0
3249032709,3.0,3.0,6.0,145.0,95.0,240.0
3249366603,45.0,39.0,84.0,138.0,27.0,165.0
3250024089,1824.0,1747.0,3571.0,73821.0,70.0,73891.0
3250327564,3.0,1.0,4.0,35.0,20.0,55.0
3250440088,529.0,148.0,677.0,286.0,54.0,340.0
3250440158,19.0,9.0,28.0,69.0,1.0,70.0
3250455355,3.0,3.0,6.0,2784.0,2556.0,5340.0
3250546916,588.0,1074.0,1662.0,1507.0,175.0,1682.0
3250548398,63.0,59.0,122.0,92.0,1.0,93.0
3250549842,124.0,121.0,245.0,560.0,400.0,960.0
3250552871,2.0,1.0,3.0,16.0,3.0,19.0
3250557844,22.0,21.0,43.0,79.0,2.0,81.0
3250824111,3997.0,1970.0,5967.0,1741.0,637.0,2378.0
3251370397,25.0,0.0,25.0,20.0,17.0,37.0
3251459747,12.0,48.0,60.0,109.0,113.0,222.0
3251609070,4714.0,1369.0,6083.0,635.0,609.0,1244.0
3251615613,103.0,121.0,224.0,277.0,0.0,277.0
3251643358,3.0,3.0,6.0,15.0,2.0,17.0
3251731325,3.0,9.0,12.0,176.0,36.0,212.0
3252187698,160.0,1088.0,1248.0,1720.0,323.0,2043.0
3252390478,62.0,182.0,244.0,187.0,0.0,187.0
3252537855,2.0,2.0,4.0,171.0,26.0,197.0
3252598985,0.0,4.0,4.0,17170.0,16990.0,34160.0
3252602399,2.0,4.0,6.0,19752.0,19734.0,39486.0
3252718061,0.0,3.0,3.0,5.0,9.0,14.0
3252814882,0.0,1.0,1.0,66.0,42.0,108.0
3253109904,47.0,48.0,95.0,14.0,2.0,16.0
3253117553,100.0,41.0,141.0,14.0,0.0,14.0
3253285828,1.0,1.0,2.0,13.0,15.0,28.0
3253454706,2.0,1.0,3.0,58.0,13.0,71.0
3253486172,53.0,28.0,81.0,77.0,22.0,99.0
3253517210,75.0,19584.0,19659.0,19431.0,638.0,20069.0
3253517563,14.0,20.0,34.0,144.0,66.0,210.0
3253538190,357.0,615.0,972.0,16.0,16.0,32.0
3253623690,41.0,86.0,127.0,263.0,86.0,349.0
3253644211,7.0,5.0,12.0,33.0,32.0,65.0
3253693371,1.0,1.0,2.0,101.0,98.0,199.0
3254261062,33.0,8.0,41.0,1173.0,266.0,1439.0
3254320778,1.0,1.0,2.0,832.0,448.0,1280.0
3254436323,0.0,1.0,1.0,10.0,1.0,11.0
3254443036,89.0,76.0,165.0,109.0,5.0,114.0
3254452408,1422.0,664.0,2086.0,727.0,229.0,956.0
3254551884,16.0,15.0,31.0,31.0,1.0,32.0
3254588245,248.0,130.0,378.0,148.0,107.0,255.0
3254680021,1.0,1.0,2.0,21.0,1.0,22.0
3255020828,64.0,65.0,129.0,112.0,112.0,224.0
3255318562,14.0,6.0,20.0,8.0,3.0,11.0
3255319889,12.0,10.0,22.0,106.0,21.0,127.0
3255564010,7.0,329.0,336.0,457.0,129.0,586.0
3255802721,189.0,272.0,461.0,909.0,590.0,1499.0
3255989855,96.0,79.0,175.0,6.0,6.0,12.0
3255995375,57.0,46.0,103.0,110.0,13.0,123.0
3256237787,109.0,100.0,209.0,75.0,44.0,119.0
3256257821,3.0,3.0,6.0,28.0,12.0,40.0
3256279457,8.0,80.0,88.0,451.0,61.0,512.0
3256365540,54.0,40.0,94.0,263.0,14.0,277.0
3256396149,10.0,7.0,17.0,60.0,6.0,66.0
3256421862,7.0,3.0,10.0,75.0,59.0,134.0
3256509471,16.0,6.0,22.0,241.0,169.0,410.0
3256664617,11.0,11.0,22.0,79.0,16.0,95.0
3256720288,18.0,7.0,25.0,77.0,42.0,119.0
3256738233,68.0,2.0,70.0,1.0,0.0,1.0
3257216430,11.0,11.0,22.0,480.0,7.0,487.0
3257241051,1411.0,911.0,2322.0,118.0,58.0,176.0
3257283781,2.0,2.0,4.0,119.0,61.0,180.0
3257962427,4.0,2.0,6.0,8.0,3.0,11.0
3258336201,24.0,26.0,50.0,40.0,29.0,69.0
3258699253,10.0,5.0,15.0,76.0,4.0,80.0
3258861544,3.0,3.0,6.0,211.0,132.0,343.0
3258871327,3.0,3.0,6.0,436.0,65.0,501.0
3258871701,3.0,3.0,6.0,6.0,1.0,7.0
3258872451,3.0,3.0,6.0,110.0,14.0,124.0
3258874080,3.0,3.0,6.0,33.0,1.0,34.0
3258874669,3.0,3.0,6.0,508.0,0.0,508.0
3258878150,3.0,3.0,6.0,215.0,1.0,216.0
3259095271,1.0,1.0,2.0,1.0,0.0,1.0
3259111897,0.0,4.0,4.0,19737.0,19707.0,39444.0
3259279446,1.0,5.0,6.0,20141.0,19841.0,39982.0
3259884497,533.0,750.0,1283.0,574.0,132.0,706.0
3260016636,18.0,11.0,29.0,49.0,3.0,52.0
3260236912,1369.0,260.0,1629.0,3037.0,404.0,3441.0
3260345989,7.0,6.0,13.0,2.0,2.0,4.0
3260366203,59.0,6.0,65.0,15.0,1.0,16.0
3260720963,214.0,17.0,231.0,464.0,284.0,748.0
3260797588,1.0,1.0,2.0,1.0,0.0,1.0
3260887009,419.0,349.0,768.0,225.0,434.0,659.0
3261572196,20.0,23.0,43.0,51.0,21.0,72.0
3261757119,1.0,1.0,2.0,199.0,102.0,301.0
3262092562,51.0,17.0,68.0,23.0,16.0,39.0
3262413935,567.0,563.0,1130.0,1126.0,222.0,1348.0
3262414990,22.0,25.0,47.0,202.0,25.0,227.0
3262417356,36.0,36.0,72.0,17.0,17.0,34.0
3262894009,4.0,36.0,40.0,423.0,329.0,752.0
3262902843,4.0,72.0,76.0,650.0,543.0,1193.0
3262972925,229.0,78.0,307.0,618.0,338.0,956.0
3263037151,93.0,230.0,323.0,220.0,57.0,277.0
3263042770,145.0,277.0,422.0,609.0,265.0,874.0
3263156715,3.0,3.0,6.0,243.0,58.0,301.0
3263238496,90.0,102.0,192.0,96.0,81.0,177.0
3263934382,100.0,32.0,132.0,2080.0,18.0,2098.0
3264140320,136.0,138.0,274.0,109.0,114.0,223.0
3264354400,2.0,2.0,4.0,130.0,8.0,138.0
3264625639,1.0,1.0,2.0,2595.0,2315.0,4910.0
3264776526,170.0,49.0,219.0,24.0,1.0,25.0
3264789507,2.0,2.0,4.0,2.0,2.0,4.0
3264795559,2.0,10.0,12.0,140.0,140.0,280.0
3264892289,0.0,25.0,25.0,355.0,78.0,433.0
3264895237,13.0,9.0,22.0,810.0,101.0,911.0
3265278926,28.0,123.0,151.0,125.0,0.0,125.0
3265640341,45.0,44.0,89.0,253.0,65.0,318.0
3265665682,4.0,1.0,5.0,5.0,1.0,6.0
3265781834,172.0,197.0,369.0,471.0,652.0,1123.0
3265801820,18.0,19.0,37.0,505.0,364.0,869.0
3266170682,269.0,90.0,359.0,170.0,83.0,253.0
3266983404,4.0,4.0,8.0,564.0,141.0,705.0
3267051989,20.0,18.0,38.0,35.0,5.0,40.0
3267057229,94.0,110.0,204.0,68.0,10.0,78.0
3267135504,756.0,459.0,1215.0,759.0,42.0,801.0
3267727216,46.0,22.0,68.0,138.0,127.0,265.0
3267970992,18.0,9.0,27.0,33.0,45.0,78.0
3268208096,5.0,5.0,10.0,50.0,51.0,101.0
3268596960,0.0,7.0,7.0,9.0,0.0,9.0
3269032263,0.0,5.0,5.0,2927.0,660.0,3587.0
3269431915,976.0,709.0,1685.0,420.0,28.0,448.0
3269663648,281.0,86.0,367.0,413.0,73.0,486.0
3269888763,1272.0,190.0,1462.0,102.0,29.0,131.0
3271081741,37.0,23.0,60.0,186.0,66.0,252.0
3271253142,7.0,0.0,7.0,181.0,24.0,205.0
3271282745,1.0,1.0,2.0,11.0,11.0,22.0
3271660213,853.0,524.0,1377.0,423.0,2.0,425.0
3271748860,121.0,31.0,152.0,224.0,43.0,267.0
3271981746,3.0,1.0,4.0,158.0,8.0,166.0
3271988317,723.0,0.0,723.0,12000.0,2156.0,14156.0
3272229568,335.0,261.0,596.0,241.0,12.0,253.0
3272442466,101.0,121.0,222.0,2428.0,2440.0,4868.0
3273050893,4.0,4.0,8.0,48.0,2.0,50.0
3273121567,260.0,7.0,267.0,99.0,2.0,101.0
3273141584,606.0,136.0,742.0,172.0,23.0,195.0
3273174258,9.0,25.0,34.0,21.0,3.0,24.0
3273233066,3474.0,497.0,3971.0,3490.0,892.0,4382.0
3273353684,2.0,1.0,3.0,97.0,26.0,123.0
3273467014,4.0,13.0,17.0,8.0,8.0,16.0
3274013426,4.0,4.0,8.0,15.0,656.0,671.0
3274013683,2.0,194.0,196.0,10.0,143.0,153.0
3274038425,201.0,0.0,201.0,606.0,100.0,706.0
3275134373,12.0,8.0,20.0,321.0,30.0,351.0
3275314197,6.0,3.0,9.0,148.0,62.0,210.0
3275732837,256.0,188.0,444.0,487.0,164.0,651.0
3275838023,214.0,84.0,298.0,236.0,99.0,335.0
3276078353,499.0,414.0,913.0,258.0,267.0,525.0
3276367328,10.0,7.0,17.0,116.0,35.0,151.0
3276441777,6.0,4.0,10.0,4.0,1.0,5.0
3276536247,8.0,0.0,8.0,2.0,5.0,7.0
3276548217,8.0,6.0,14.0,41.0,16.0,57.0
3276550075,9.0,6.0,15.0,21.0,21.0,42.0
3276737729,42.0,246.0,288.0,322.0,26.0,348.0
3276756515,18.0,54.0,72.0,104.0,34.0,138.0
3276973636,1.0,4.0,5.0,85.0,71.0,156.0
